WORD,COUNT
原油,589
油价,481
银行,433
白银,423
制造业,369
电商,290
互联网,277
黄金,269
万达,260
汽车,249
物流,248
房地产,206
产油国,167
手机,166
电子商务,165
机器人,160
汇率,153
旅游,152
欧佩克,149
东风,142
医疗,139
地产,137
微软,134
旅客,134
零售,131
服务业,126
健康,125
航班,125
车辆,125
天然气,120
银价,117
苹果,113
金价,112
vr,110
美的,106
fancybox,105
traget,105
保险,105
单车,105
大宗,104
子站,104
石油,102
iphone,98
高通,96
oldsrc,95
元旦,94
ibm,92
购汇,92
铁路,92
detail,90
环保,90
魅族,87
金叉,86
家电,85
摘编,84
王健林,83
就医,82
车型,79
dozoom,78
人工智能,77
钻井,76
另类,73
商业地产,72
cms,70
华为,70
摩拜,70
hotwords,68
商务活动,67
招商,67
turnpage,65
原材料,64
jsp,63
配送,62
食品,62
京东,60
超市,60
建筑业,59
快慢,59
食盐,59
电子,58
延误,57
游戏,57
房企,56
教育,56
listtitle,55
房价,55
运输,55
isshow,54
万科,54
外币,54
富士康,54
空气,54
aspx,53
return,53
临界点,53
能源,53
listview,52
newspage,52
review,52
绿色,52
恒大,51
煤炭,51
商品交易,50
腾讯,50
新能源,49
房子,48
软件,47
农业,46
电力,46
驾驶,46
持卡人,45
stheiti,44
原油价格,44
阿里,44
农民,43
土壤环境,43
投贷,43
购置税,43
默认,43
无人,42
海信,42
跨省,42
qing,41
养老,41
废气,41
boll,40
基础设施,40
婚嫁,40
楼市,40
洗衣,40
硬件,40
玉米,39
督查组,39
风神,39
三星,38
厘米,37
小米,37
房屋,37
观察报,37
九阳,36
住宅,36
委内瑞拉,36
捷豹,36
材料,36
茅台,36
乘用车,35
地块,35
投入品,35
棉花,35
沥青,35
中长线,34
列车,34
原油期货,34
奇瑞,34
社部,34
芯片,34
轨迹,34
餐饮,34
小型企业,33
棉花价格,33
深港,33
胡玮炜,33
蓄热,33
购进,33
贵金属,33
钢铁,33
黎明,33
suv,32
勿扰,32
商业银行,32
房源,32
春运,32
智能手机,32
酒店,32
非诚,32
操盘手,31
汽油,31
经营权,31
透支,31
化妆品,30
地铁,30
基建,30
天猫,30
娱乐,30
年轻化,30
建厂,30
苏宁,30
蛋白,30
诺基亚,30
链家,30
form,29
slide,29
医院,29
商品房,29
委外,29
布伦特,29
房产,29
搜狐,29
有机,29
电气,29
能量,29
视线,29
郭台铭,29
金属,29
textarea,28
土壤污染,28
小鸡,28
左晖,28
新松,28
易方达,28
生产指数,28
电影,28
自行车,28
邮政,28
阿里巴巴,28
院线,28
eia,27
参保,27
大众,27
奶粉,27
婚礼,27
数码,27
炭黑,27
财新,27
违约金,27
连续性,27
google,26
writer,26
于布,26
实名制,26
油市,26
石油输出国组织,26
笔名,26
粘合,26
网约车,26
轨道交通,26
fu,25
twitter,25
上任,25
买房,25
亚马逊,25
产成品,25
低多,25
偏差,25
报销,25
沃尔沃,25
油品,25
生育,25
航线,25
hover,24
jmxw,24
mpa,24
watson,24
便利化,24
发电,24
火车票,24
航空,24
趋稳,24
车站,24
邮轮,24
医药,23
太原市,23
广发,23
普京,23
朴槿惠,23
校正,23
玻璃,23
美团,23
药品,23
补办,23
上台,22
人寿,22
休斯,22
养生,22
医务,22
发卡,22
回首,22
外管局,22
套单,22
奥巴马,22
安信,22
我会,22
挂失,22
楼盘,22
种植,22
贝克,22
走平,22
车票,22
近几日,22
顺丰,22
不动产,21
中冶,21
二手车,21
交易平台,21
克制,21
克罗地亚,21
库卡,21
承运人,21
整车,21
李东生,21
用药,21
申通,21
表外,21
通讯,21
通风,21
陶瓷,21
fbff,20
三角形,20
元旦假期,20
出租车,20
刘士余,20
医疗保险,20
周小川,20
回家,20
国际局势,20
大米,20
成品油,20
旅客列车,20
无人驾驶,20
柴油,20
民航,20
消费品,20
涤纶,20
炒房,20
瞩目,20
超限,20
运输业,20
重度,20
钢厂,20
钢铁行业,20
阳光,20
otitle,19
中新网,19
住院,19
例会,19
农地,19
加工,19
卫星,19
意在,19
拼车,19
收阳,19
清洁,19
滞纳金,19
滴滴,19
疾病,19
瞬息万变,19
节点,19
节能,19
过年,19
金银,19
销额,19
atm,18
figure,18
kd,18
rsi,18
丢失,18
中型企业,18
冒头,18
北段,18
叔叔,18
名列,18
国酒,18
张口,18
手表,18
无人机,18
橙色,18
照明,18
电表,18
细胞,18
网易,18
购付,18
进口关税,18
通信,18
一卡通,17
传感器,17
体育产业,17
分行业,17
利用外资,17
城乡居民,17
天街,17
宣判,17
建设工程,17
懂得,17
曹德旺,17
月线,17
有时候,17
汽车行业,17
电动,17
票房,17
结婚,17
蓄势,17
计算机,17
谷歌,17
购房,17
进口商品,17
陆金,17
飘红,17
linknew,16
三江,16
东湖,16
全面实施,16
农产品,16
利比亚,16
华侨城,16
反洗钱,16
取现,16
圆通,16
土壤,16
安检,16
广深,16
支付宝,16
有色金属,16
机动车,16
机械,16
欣泰,16
民粹主义,16
淘宝,16
特斯拉,16
电脑,16
白酒,16
盒子,16
相机,16
行驶,16
衡水市,16
轮胎,16
选举,16
阿姨,16
陈超,16
预言,16
高开高,16
oled,15
sqfb,15
之争,15
先涨,15
农村土地,15
冲破,15
化工,15
卓创,15
厨电,15
同等,15
四维,15
图新,15
地缘,15
基因,15
奥托,15
审理,15
将令,15
工地,15
改增,15
新车,15
服装,15
来福士,15
比邻,15
消费税,15
温暖,15
现货交易,15
申请书,15
画幅,15
白炭黑,15
禽流感,15
经办,15
西苑,15
赢商网,15
轻型,15
通货膨胀,15
野马,15
铝合金,15
阿曼,15
零部件,15
高铁,15
黄金价格,15
黑五,15
jrlclczx,14
surface,14
tagcount,14
东南大学,14
中联重科,14
中证协,14
中金网,14
亿邦,14
代号,14
以低,14
企业债券,14
做大,14
出场,14
出站,14
刚好,14
制剂,14
华润,14
厂房,14
受伤,14
圣诞节,14
复方,14
多路,14
大事,14
小企业,14
尼日利亚,14
岁月,14
工商联,14
平静,14
房贷,14
收线,14
放到,14
标记,14
格外,14
棉价,14
水泥,14
泛亚,14
注定,14
牛奶,14
现金交易,14
空气污染,14
维也纳,14
绿地,14
美凯龙,14
航空公司,14
轿车,14
进多,14
迫使,14
野蛮,14
餐厨,14
黄益平,14
apple,13
nbdnews,13
oculus,13
tmt,13
不行,13
与非,13
两孩,13
交通运输,13
养老保险,13
出口额,13
博时基金,13
增开,13
外汇业务,13
开头,13
心情,13
想象力,13
房地产商,13
排量,13
摄影,13
油田,13
泰铢,13
海东,13
海通,13
深深,13
游客,13
满满,13
环境保护,13
甜头,13
电器,13
电竞,13
眼睛,13
石家庄市,13
祝福,13
第一天,13
经营报,13
缅甸,13
蓝鲸,13
记忆,13
访谈,13
诊所,13
财经报道,13
进出,13
进空,13
追逐,13
邵宇,13
重大事件,13
钻机,13
首月,13
黑客,13
ax,12
gplp,12
htc,12
set,12
share,12
tpp,12
uber,12
丝路,12
乌鲁木齐,12
乳制品,12
产假,12
传奇,12
信息中心,12
健康险,12
关键时期,12
出租汽车,12
反思,12
取胜,12
可疑,12
商标局,12
国产手机,12
国家外汇管理局,12
城市化,12
婚庆,12
客车,12
小康社会,12
开行,12
征程,12
徐翔,12
户型,12
房地产业,12
手法,12
持续上升,12
换成,12
换汇,12
收费站,12
改版,12
明晰,12
智能家居,12
有过,12
杯水车薪,12
林中,12
标示,12
检票,12
济南市,12
生产日期,12
生物,12
电动汽车,12
电改,12
电池,12
电视节目,12
百姓,12
看不到,12
私家车,12
租车,12
穿戴,12
聚金,12
能见度,12
药监局,12
虚拟,12
购票,12
越大,12
车业,12
车企,12
转诊,12
迷茫,12
追多,12
钢材,12
铁矿石,12
锦纶,12
食宿,12
首富,12
马其顿,12
鸡蛋,12
鼎泰新材,12
龙湖,12
cccccc,11
edge,11
facebook,11
gjcj,11
logo,11
nf,11
oppo,11
post,11
vive,11
一财,11
一颗,11
万金,11
人脸识别,11
亿欧,11
价签,11
传统媒体,11
低调,11
余永定,11
做成,11
元至,11
关爱,11
具体操作,11
内心,11
出港,11
利益冲突,11
加盟商,11
北城,11
医疗机构,11
十字星,11
华文,11
占优,11
卡车,11
压低,11
发挥作用,11
台阶,11
和解,11
回头,11
外汇局,11
多多,11
大体,11
大门,11
天津港,11
孤独,11
安全带,11
定力,11
封条,11
展望未来,11
巡视,11
康健,11
张立群,11
想想,11
战场,11
推移,11
摄像头,11
操盘,11
收低,11
新年快乐,11
新旧,11
无忧,11
日当,11
有色,11
服务项目,11
来回,11
水上,11
永定,11
沙发,11
海鲜,11
淮安,11
炒家,11
玉米价格,11
珠宝,11
生肖,11
生鲜,11
百世,11
真相,11
矿业,11
碧桂园,11
秘密,11
第一案,11
第一波,11
等你拿,11
粮食,11
线图,11
联运,11
聚拢,11
蓝光,11
财团,11
起起落落,11
跨国企业,11
车主,11
转运,11
辛醇,11
过热,11
运管,11
进出港,11
送豪礼,11
韩元,11
顺风,11
预盈,11
飞机,11
鼎立,11
dorsey,10
hot,10
ism,10
kaiti,10
mdash,10
nt,10
vote,10
一达,10
万余元,10
不让,10
两度,10
中信,10
借此,10
假日,10
元年,10
冷静,10
凉茶,10
凡本,10
刘士,10
十字,10
合规性,10
告别,10
四川双马,10
四次,10
土地改革,10
圣诞,10
基础产业,10
增势,10
大类,10
大豆,10
天籁,10
太远,10
奇迹,10
始于,10
威信,10
婚宴,10
宏观调控,10
实实在在,10
层出不穷,10
差值,10
干净,10
床位,10
彩电,10
微盘,10
总体水平,10
总行,10
惠及,10
抉择,10
拉高,10
按钮,10
换乘,10
文本,10
无线,10
显示器,10
普洛斯,10
机型,10
李书福,10
来袭,10
柴油车,10
橡胶,10
汽油车,10
浅析,10
浓缩,10
海洋公园,10
液态,10
燃气,10
王婉莹,10
环境保护部,10
盐业,10
稍微,10
税负,10
竞选,10
缘分,10
聚鑫,10
艾迪,10
落幕,10
蓄力,10
讴歌,10
设想,10
语音,10
调配,10
走过,10
赵庆河,10
趋向,10
运输成本,10
退货,10
逆差,10
逐季,10
邮箱,10
采光,10
银行业,10
长效机制,10
雷军,10
风向标,10
风机,10
airbnb,9
ek,9
future,9
hy,9
inter,9
js,9
linkabout,9
mobileye,9
parker,9
studio,9
xbox,9
一处,9
一番,9
一补,9
一降,9
三去,9
中关村,9
义乌,9
乘坐,9
买买,9
买入价,9
买受人,9
亏了,9
产科,9
仅作,9
会晤,9
伯乐,9
储备棉,9
入网,9
兼任,9
农用地,9
冬天,9
冰箱,9
切入点,9
列表,9
前不久,9
加热,9
动摇,9
动车组,9
匮乏,9
升及,9
升向,9
半导体,9
卫视,9
反手,9
周边地区,9
商业中心,9
商业价值,9
商会,9
回本,9
备降,9
外债,9
外币存款,9
大气污染,9
奇怪,9
奔波,9
婚恋,9
婚纱,9
完成度,9
密封,9
小阳,9
少不了,9
少将,9
展出,9
工艺,9
年华,9
广播电视,9
开年,9
开鑫贷,9
急于,9
愿望,9
抬头,9
拉斯维加斯,9
揭晓,9
擅自,9
收得,9
文献,9
新股申购,9
春运期间,9
朝向,9
朝阳,9
柱有,9
柳苏源,9
根本性,9
棉纱,9
母港,9
求证,9
汉王,9
海外投资,9
温馨,9
湿地,9
点金,9
燃料,9
燃烧器,9
独角兽,9
瑞银,9
电网,9
留在,9
留学,9
白宫,9
着重,9
碎片,9
稳中有升,9
突发事件,9
第一代,9
等候,9
篇文章,9
索尼,9
纷争,9
翡翠,9
自信,9
荣枯线,9
街区,9
衣舍,9
西海岸,9
要说,9
记住,9
豆浆机,9
购房者,9
资产负债,9
起飞,9
身为,9
辞旧迎新,9
这才,9
迪拜,9
金服,9
钢坯,9
门户,9
阀门,9
零售价,9
风险意识,9
首要任务,9
高技术,9
asss,8
current,8
faraday,8
hololens,8
jrgs,8
lm,8
mac,8
om,8
psa,8
rcep,8
rubin,8
vivo,8
youtube,8
万方,8
两座,8
中成药,8
中通,8
丰田,8
为辅,8
乐视,8
争论,8
五家,8
企业主,8
休息,8
传来,8
体验式,8
佛渡,8
保函,8
保外,8
保护主义,8
保温,8
保险产品,8
健身房,8
偶然,8
光效,8
免息,8
共和党,8
关键点,8
军工,8
冶炼,8
净多,8
利率政策,8
前方,8
办公用房,8
势必会,8
勇气,8
包机,8
十九,8
单次,8
号店,8
同创,8
同学,8
呼吸系统,8
咖秀,8
哀鸿遍野,8
售电,8
固化,8
国货,8
国际收支,8
国际足联,8
地理,8
坑口,8
培训班,8
堪称,8
墙面,8
外卖,8
多久,8
多大,8
大程度,8
太大,8
失误,8
好事,8
好像,8
宅基地,8
安全检查,8
定律,8
实战,8
家中,8
家电业,8
将要,8
巡游,8
工程学院,8
工程部,8
布林线,8
帖子,8
常有,8
干货,8
平均线,8
平时,8
年票,8
度假区,8
开车,8
往日,8
得失,8
德兴,8
德州,8
总体而言,8
戴尔,8
扶摇直上,8
批发业,8
投稿,8
抱怨,8
按下,8
挣钱,8
提现,8
摆在,8
摆放,8
放出,8
政治经济,8
散装,8
新人,8
新年伊始,8
明示,8
昨夜,8
曲面,8
有益,8
服饰,8
本位,8
枯线,8
残酷,8
每位,8
比作,8
汽柴油,8
汽车产业,8
洗钱,8
浴缸,8
海信集团,8
湿法,8
爆表,8
爱立信,8
犹豫,8
王卫,8
玛莎拉蒂,8
生产资料,8
电子竞技,8
电缆,8
相变,8
省会,8
福耀,8
科室,8
秘钥,8
积极因素,8
稳中求进,8
空前,8
缓中,8
网络科技,8
肺癌,8
自理,8
良好基础,8
良性循环,8
若干意见,8
英特尔,8
蓝海,8
蜂窝,8
被告人,8
被称作,8
诊疗,8
购买力,8
赢家,8
赶上,8
起草,8
车用汽油,8
轧花厂,8
轮回,8
较足,8
过分,8
还款期,8
还款额,8
这会,8
这句,8
这时候,8
遇见,8
遗憾,8
鄱阳湖,8
金融资本,8
钢价,8
钱荒,8
铁路局,8
铁路运输,8
铂金,8
银泰,8
问候,8
间距,8
阿布扎比,8
阿联酋,8
隔离,8
难求,8
集资额,8
零售业,8
青春,8
预热,8
频发,8
首周,8
首汽,8
马云,8
驱逐,8
骑行,8
黄海,8
黑屏,8
autoformat,7
bull,7
closebtn,7
cnn,7
index,7
infotags,7
jgfx,7
jiathis,7
ole,7
pictext,7
showdetails,7
tsina,7
ventures,7
zgjj,7
一个亿,7
一向,7
一夜,7
一箱,7
一群,7
七个,7
三条,7
三通,7
下个月,7
不休,7
不知,7
专营,7
东原,7
两头,7
两步走,7
丧失,7
中兴,7
中国民航,7
中国银行,7
中珠,7
乘机,7
亲信,7
亿联,7
今起,7
从来不,7
企鹅,7
伯格,7
依法追究,7
假新闻,7
停售,7
光伏,7
全员,7
全局,7
全面推行,7
公平竞争,7
共同体,7
关店,7
减征,7
减按,7
出口配额,7
分拣,7
切实落实,7
切记,7
前三位,7
前来,7
加油,7
化学,7
北安,7
区块,7
医疗器械,7
华金,7
南航,7
占地,7
卫生间,7
发送量,7
变换,7
口号,7
句号,7
叫停,7
合法性,7
听到,7
周评,7
呼吸,7
哲学,7
商人,7
喜迎,7
团体,7
固定资产,7
国务院发展研究中心,7
国土,7
国际货币基金组织,7
圆弧,7
圆弧底,7
坚信,7
垫付,7
基础架构,7
增添,7
复兴,7
多条,7
太小,7
太高,7
奔跑,7
好好,7
如图,7
妈妈,7
威视,7
安全气囊,7
宝能系,7
宝马,7
客厅,7
客流量,7
害怕,7
家电产品,7
宾利,7
寄语,7
对决,7
就让,7
尾气,7
崭新,7
工匠,7
市中区,7
干线,7
平缓,7
年头,7
并存,7
库容,7
康得,7
开心,7
影院,7
微克,7
微观经济,7
性格,7
息息相关,7
悬念,7
惩罚,7
成屋,7
战胜,7
房东,7
扎克,7
扎堆,7
承担责任,7
把握住,7
拉伸,7
指导老师,7
挖贝网,7
挪用公款,7
据卓创,7
探低,7
推动力,7
推向,7
改名,7
斩获,7
新疆棉,7
新线,7
施策,7
旅游城,7
旅行,7
无不,7
无序,7
无数,7
早晨,7
明确规定,7
昔日,7
普益,7
景观,7
智控,7
智胜,7
更改,7
更替,7
更难,7
有的是,7
服务公司,7
未经许可,7
末端,7
本币,7
机务,7
松鼠,7
板材,7
架次,7
某种,7
根源,7
民用航空,7
水利工程,7
永丰,7
没法,7
没能,7
泛微,7
泽熙,7
洗涤,7
洪流,7
活性,7
派出,7
流传,7
海康,7
深入研究,7
清扫,7
渴望,7
激励机制,7
濮阳,7
煤层气,7
煤矿,7
熟知,7
爆仓,7
猪肉,7
环保局,7
甘心,7
留给,7
登场,7
登机,7
监测中心,7
盛行,7
直通车,7
相一致,7
相伴,7
相匹配,7
眼球,7
离婚,7
科技界,7
积木,7
移送,7
立马,7
符号,7
第四个,7
等国,7
答记者问,7
紧张局势,7
绝非,7
编码,7
网格,7
网络平台,7
美国公司,7
美邦,7
而成,7
耐药性,7
聊城,7
联想集团,7
茶几,7
药物,7
蓝山,7
蓝筹股,7
蜕变,7
行程,7
补仓,7
表演,7
计委,7
订餐,7
让渡,7
试错,7
诚实,7
语种,7
财经新闻,7
赚取,7
路况,7
身体健康,7
车市,7
车库,7
过硬,7
返程,7
违背,7
通车,7
通达,7
邮票,7
部副,7
重金属,7
钢企,7
钢铁业,7
长沙市,7
门诊部,7
陈昊,7
除去,7
隔日,7
雇佣,7
零利率,7
零度,7
韩联社,7
韩都,7
顶底,7
风向,7
餐食,7
首都机场,7
高科技,7
高耗能,7
高调,7
黑色金属,7
anchorc,6
cftc,6
cmos,6
dty,6
hd,6
hellip,6
icp,6
ipad,6
jquery,6
keylink,6
live,6
long,6
mix,6
poy,6
research,6
ugc,6
xxx,6
一下子,6
一口气,6
一周年,6
一如既往,6
一月份,6
万众瞩目,6
上上下下,6
不停,6
不免,6
不全,6
不尽人意,6
不快,6
不易,6
不来,6
东盟国家,6
严谨,6
中叶,6
中国社会科学院,6
中外,6
中粮,6
中药材,6
中财网,6
中铁,6
主席国,6
主战场,6
主旋律,6
主角,6
之声,6
之心,6
之道,6
乌市,6
九大,6
书香,6
二手房,6
交出,6
交收,6
交易成本,6
人事,6
人会,6
亿翰,6
从来,6
代客,6
代持,6
任意,6
仿佛,6
伊坎,6
会以,6
低廉,6
供参考,6
侥幸,6
侥幸心理,6
侧重于,6
保定,6
信托业,6
信誉,6
信贷风险,6
借用,6
停滞不前,6
偶尔,6
元大,6
先前,6
先验,6
克而瑞,6
全套,6
全面铺开,6
八条,6
公益活动,6
六建,6
关乎,6
其大,6
其间,6
内向,6
内阁,6
再也,6
再接再厉,6
冤枉钱,6
冷冻,6
减半,6
减法,6
凝胶,6
出卖,6
出境,6
出身,6
分割,6
分管,6
划算,6
初心,6
初次,6
判定,6
利益输送,6
前海,6
劲升,6
势在必行,6
北极,6
医学美容,6
医疗保健,6
华宇,6
单线,6
南方电网,6
占领,6
压延,6
双子星,6
反倒,6
发病,6
受访,6
变数,6
变量,6
变频器,6
可怕,6
可看,6
司法机关,6
各种各样,6
合乘,6
合作项目,6
合格率,6
售票,6
商讨,6
喀什,6
喘息,6
喜闻乐见,6
嘀嗒,6
国人,6
地说,6
基站,6
基金净值,6
塑造,6
外地,6
多于,6
多式,6
大打折扣,6
大潮,6
大系,6
大起大落,6
天价,6
太多,6
央广网,6
失控,6
失落,6
奔驰,6
奶业,6
奶类,6
存疑,6
宏观政策,6
宝能,6
宝贝,6
实际操作,6
家人,6
家居,6
容纳,6
寿险,6
小伙伴,6
小马,6
小麦,6
就任,6
就职,6
局限于,6
居首,6
履新,6
岁末,6
巨幅,6
差速器,6
市场机制,6
带到,6
带走,6
干脆,6
平均收入,6
平等,6
年关,6
年销量,6
广电总局,6
废弃物,6
建面,6
开展业务,6
开班,6
引人注目,6
张小龙,6
张贴,6
征税,6
徐直军,6
必要条件,6
志强,6
忙碌,6
快线,6
总有,6
情感,6
惊艳,6
意味,6
感冒,6
慢牛,6
憧憬,6
我带,6
或多或少,6
打响,6
打折,6
执行力,6
扰乱,6
投机性,6
抢占市场,6
抵达,6
拆分,6
拉美,6
拥堵,6
挑战性,6
挖贝新,6
挪威,6
探亲,6
提至,6
摸索,6
放假,6
放款,6
敦煌,6
新气象,6
新野,6
新闻出版,6
新闻网,6
新闻联播,6
新闻记者,6
无证,6
日益突出,6
时会,6
时至,6
明智,6
普惠,6
普通人,6
暂且,6
月间,6
有误,6
服务水平,6
期盼,6
本世纪,6
本国,6
机上,6
机票,6
极有,6
果断,6
某种程度,6
柬埔寨,6
柯桥,6
标志性,6
标明,6
模仿,6
欧洲央行,6
止涨,6
每人,6
每人每年,6
毫无,6
民事,6
民航局,6
汾酒,6
沃尔玛,6
没想到,6
沧桑,6
油厂,6
洗衣粉,6
海购,6
海运,6
消费类,6
深夜,6
深远,6
清醒,6
满仓,6
漫长,6
激情,6
点名,6
热文,6
热闹,6
照搬,6
燃油,6
爱屋,6
物流园区,6
独有,6
狭窄,6
狮子,6
狼来了,6
猎物,6
猜想,6
王思聪,6
瑞克,6
瓜子,6
生物医药,6
生猪,6
用心,6
用户界面,6
用房,6
用水,6
电机,6
电源,6
留言,6
疑惑,6
痛苦,6
白天,6
盆满,6
盛世,6
盛典,6
直通,6
相近,6
看过,6
眼里,6
知名品牌,6
短纤,6
研究生,6
硝烟,6
硫酸铵,6
祝贺,6
科传,6
积压,6
程鹏,6
突破性,6
竞拍,6
第三产业,6
第二天,6
等市,6
粉尘,6
精简,6
精细,6
糖尿病,6
纵横,6
线束,6
组织部,6
经停,6
统计师,6
绿道,6
缓冲,6
网商,6
美市,6
羚羊,6
老龄化,6
聚美,6
脑袋,6
脱实,6
腐败,6
自主性,6
节日,6
药业,6
莫过于,6
菜鸟,6
落至,6
蒸发,6
虽比上,6
见面,6
规章制度,6
触角,6
认清,6
讲述,6
说话,6
豆粕,6
货主,6
货币汇率,6
起家,6
起落,6
超额完成,6
越秀,6
跨国公司,6
路站,6
路费,6
转好,6
转折,6
迈入,6
返乡,6
这批,6
违者,6
追空,6
里根,6
野心,6
金所,6
金枪鱼,6
钢板,6
钢铁企业,6
钻探,6
锅炉,6
错配,6
阿尔卡特,6
随身携带,6
隐蔽,6
集邮,6
雪佛兰,6
零件,6
需带,6
震惊,6
非理性,6
面日线,6
革命性,6
韶关市,6
顺水,6
预先,6
颗粒物,6
风力,6
餐饮业,6
饮料,6
饲料,6
高人,6
高炉,6
高等教育,6
黑体,6
agv,5
big,5
bosszone,5
bshare,5
cci,5
cdn,5
click,5
comments,5
darkred,5
donald,5
emailprotected,5
gsm,5
ieee,5
ios,5
mir,5
north,5
ol,5
rv,5
uatrack,5
xc,5
xps,5
一个个,5
一个点,5
一分钱,5
一口,5
一声,5
一时间,5
七日,5
万分之,5
三到,5
三点,5
三角,5
上涨幅度,5
上煌,5
上班,5
下周一,5
不断创新,5
不明朗,5
不离,5
不良影响,5
专栏,5
两三年,5
两端,5
个人信用,5
个性,5
中产阶级,5
中南部,5
中起,5
丰趣,5
临床,5
乐园,5
九台,5
买车,5
二八,5
亏钱,5
互联,5
亚欧,5
亟待解决,5
交友,5
交通管制,5
产品升级,5
京华,5
人口老龄化,5
人工成本,5
亿亩,5
仅以,5
从不,5
从今天起,5
从众,5
从本网,5
仓降,5
以小,5
份文件,5
伊利,5
伊宁,5
低至,5
体检,5
何种,5
余个,5
作案,5
供大于求,5
供销社,5
俗话说,5
借壳上市,5
做生意,5
充分就业,5
光通信,5
免征,5
入局,5
全屋,5
公交线路,5
公铁,5
六种,5
关键因素,5
关键性,5
具名,5
再造,5
农大,5
农药,5
冰帆海,5
几只,5
几大,5
几率,5
几种,5
出路,5
分水岭,5
分界点,5
列出,5
刘小菲,5
初衷,5
利息支出,5
到来之际,5
制图,5
制药,5
刺破,5
副经理,5
加工业,5
勤奋,5
匆匆,5
化学品,5
医疗卫生,5
十几年,5
千里马,5
华瑞,5
卖房,5
南下,5
南阳,5
卷土重来,5
历时,5
厚度,5
原件,5
原意,5
原点,5
参考价值,5
双眼,5
双雄,5
反击,5
发动,5
发声,5
发明,5
发生器,5
发车,5
取票,5
取舍,5
变形,5
叮当,5
可见一斑,5
可逆,5
史玉柱,5
叶问,5
各个环节,5
各路,5
吉屋,5
吊顶,5
同一个,5
名次,5
吸引外资,5
呈上升,5
咳嗽,5
商网,5
商铺,5
啤酒,5
善意,5
喜庆,5
喷漆,5
噱头,5
回忆,5
回稳,5
因城,5
国家邮政局,5
国开,5
国营,5
图看,5
土拍,5
地产商,5
地市,5
坐庄,5
坐稳,5
坯布,5
坯料,5
垃圾处理,5
城乡规划,5
基础性,5
填写,5
增长势头,5
外交官,5
外加,5
外科,5
外面,5
多功能,5
多变,5
多国,5
多样性,5
多边,5
大事儿,5
大亨,5
大局,5
大手笔,5
大旗,5
大海,5
大片,5
大病,5
大盘股,5
奥迪,5
好多,5
妨碍,5
子女,5
字体,5
宝贵,5
实习生,5
宰客,5
家具,5
家化,5
家电企业,5
家纺,5
宽度,5
密切相关,5
寒冷,5
对公,5
小作坊,5
小厨,5
小康,5
小心,5
小户型,5
小排量,5
小红书,5
小阳柱,5
局限,5
居多,5
川大,5
巧妙,5
市场准入,5
市场规律,5
市场部,5
布置,5
帐户,5
席卷,5
平凡,5
年费,5
并不需要,5
庄严,5
序幕,5
底薪,5
廉价,5
开端,5
异议,5
弊端,5
张云,5
当地政府,5
影业,5
微众,5
微微,5
德军,5
德勤,5
德州市,5
总书记,5
总统大选,5
总营收,5
恐怖,5
恐怖主义,5
恐惧,5
恢复性,5
恶性竞争,5
情景,5
情节,5
惩处,5
惯例,5
愉悦,5
感恩,5
成人,5
成本增加,5
战队,5
房企将,5
房企高管,5
房市,5
房间,5
手上,5
手指,5
托运,5
扩围,5
扫货,5
扭矩,5
批件,5
技术手段,5
投票者,5
抗癌药,5
抛弃,5
抢先,5
报纸,5
报警,5
抽后,5
持续时间,5
指点,5
指路,5
换算,5
授信额度,5
排气,5
探至,5
接管,5
携带,5
摇摆,5
摩托罗拉,5
撕毁,5
撤并,5
播报,5
收运,5
收阴,5
改良,5
放下,5
放慢,5
政策法规,5
效仿,5
敢于,5
散乱,5
敲定,5
整体而言,5
整备,5
文波,5
新一届,5
新创建,5
新天地,5
新生,5
新电改,5
新闻性,5
施以,5
旁边,5
旅游业,5
旋转,5
旋转式,5
无比,5
无论如何,5
日利率,5
日益增长,5
时尚品牌,5
时效性,5
明年初,5
明确要求,5
智造,5
暂存,5
暴富,5
暴露出,5
曲解,5
更迭,5
最强音,5
最新消息,5
有太大,5
有期徒刑,5
有机物,5
有钱,5
服务提供者,5
望京,5
本土化,5
本田,5
权属,5
李金磊,5
松下,5
极度,5
极高,5
标号,5
核电,5
格力,5
格力电器,5
格子,5
检查组,5
模煳,5
欲望,5
歌声,5
正荣,5
每台,5
比亚迪,5
民主党,5
气象条件,5
水位,5
水利部,5
水到渠成,5
水印,5
水合物,5
沉浸,5
沟通交流,5
没什么,5
油气,5
波士顿,5
波拉,5
波糖,5
洁净,5
洗涤剂,5
派对,5
海参,5
海龙,5
涂装,5
涌现,5
淡化,5
混业,5
清仓,5
游戏机,5
滤芯,5
滨海,5
演艺,5
灌溉面积,5
灾难,5
炒房客,5
点到,5
烦恼,5
焦虑,5
照顾,5
燃放烟花,5
燃料电池,5
爆出,5
爆竹,5
物产,5
特别强调,5
独立性,5
环保部门,5
现身,5
班子成员,5
理智,5
用汇,5
电动车,5
电子产品,5
电子地图,5
电子展,5
电瓷,5
男人,5
画上,5
留出,5
病毒,5
白色,5
盈方,5
盘初,5
直达,5
盼望,5
省委,5
看平,5
看病,5
真心,5
眼光,5
石化,5
石油部长,5
矿业权,5
矿井,5
破裂,5
破高,5
硅基,5
神秘,5
神话,5
祥瑞,5
私有,5
秉持,5
科技部,5
科技领域,5
科研,5
租宝,5
移交,5
突围,5
站台,5
竞争性,5
竞品,5
竞赛,5
第一条,5
第七届,5
第二位,5
等值,5
筹办,5
筹措,5
签字,5
管理条例,5
繁多,5
纠错,5
红海,5
红豆杉,5
约束力,5
纱线,5
线条,5
结售汇,5
结局,5
绝不,5
缔造,5
缩影,5
羊毛,5
美团网,5
美大,5
美棉,5
美美,5
考拉,5
联发科,5
聪明,5
肖钢,5
背负,5
能源价格,5
脆弱,5
脉络,5
自发,5
自强,5
致力,5
舞台,5
航空运输,5
苏格兰,5
英国首相,5
萝卜,5
营业网点,5
落下,5
落成,5
葛洲坝,5
蔡进,5
薄弱,5
蜜芽,5
行车,5
衡水,5
衣柜,5
补短,5
表现形式,5
西安市,5
见解,5
视图,5
解说,5
解释权,5
记者会,5
试水,5
试运营,5
该案,5
诺斯,5
调整期,5
谈话,5
豆油,5
贝贝网,5
账外,5
贫富差距,5
贸易协定,5
起降,5
越过,5
跌下,5
跌跌,5
跨地区,5
身处,5
车上,5
车载,5
较量,5
辟谣,5
边框,5
达令,5
过山车,5
迎合,5
运算,5
运送,5
近两年来,5
还会涨,5
这为,5
这起,5
远见,5
追究其,5
选择面,5
选购,5
逐步完善,5
通信协议,5
通商,5
遇上,5
避开,5
邱光龙,5
都市报,5
配图,5
重头戏,5
重重,5
金来,5
钟声,5
长者,5
间隔,5
阵容,5
阿卡,5
陈凯,5
降落,5
限值,5
陪伴,5
随意,5
隐藏,5
难得,5
难有,5
雇员,5
雪峰,5
雪铁龙,5
零担,5
震动,5
青瓦台,5
非农业,5
非常低,5
面向未来,5
韵达,5
顶风,5
预想,5
颈线,5
风波,5
风雨同舟,5
首单,5
首相,5
高歌,5
高院,5
鸿海,5
麦克,5
黄金市场,5
齐头并进,5
adam,4
art,4
brian,4
cdma,4
cisco,4
cma,4
comment,4
cto,4
ebay,4
ebkw,4
fontzoom,4
galaxy,4
gzenj,4
hmd,4
home,4
hpe,4
hx,4
ict,4
imf,4
insider,4
ko,4
lumia,4
macbook,4
management,4
media,4
nar,4
odm,4
opera,4
player,4
plc,4
qrcode,4
reddit,4
sdr,4
sf,4
stage,4
tie,4
touch,4
wcdma,4
whjg,4
一亩,4
一代人,4
一刀切,4
一刻,4
一单,4
一大步,4
一审,4
一对一,4
一届,4
一席,4
一年一度,4
一律,4
一方,4
一案,4
一目了然,4
一组,4
一词,4
一贯,4
一跃,4
七大,4
万年,4
上一年,4
上将,4
上影线,4
上汽,4
上海银行,4
上牌,4
下决心,4
下半场,4
下影线,4
下手,4
下次,4
不严,4
不像,4
不力,4
不可否认,4
不在少数,4
不复存在,4
不太好,4
不安,4
不容乐观,4
不弃,4
不必要,4
不明,4
不服,4
不经意,4
专业人士,4
专栏作家,4
专科,4
东二环,4
东方集团,4
东航,4
两侧,4
严查,4
严格控制,4
严格遵守,4
严苛,4
个人信息,4
个数,4
个案,4
个省,4
中亚,4
中仅,4
中储,4
中国人民大学,4
中国共产党,4
中央财经,4
中层,4
中正,4
中科院,4
中航,4
为时尚早,4
主义,4
主动权,4
主城区,4
主意,4
主承销,4
主题乐园,4
之力,4
之机,4
之路,4
之重,4
乌龙,4
乐意,4
乐活,4
乐趣,4
九天,4
九龙,4
乳业,4
事中,4
二胎,4
五到,4
五粮液,4
井喷,4
亚洲地区,4
交流学习,4
交界处,4
交金叉,4
产品种类,4
产融,4
人大,4
人文,4
人有,4
人机交互,4
人流,4
人能,4
人脸,4
人选,4
亿个,4
亿人次,4
亿件,4
亿多,4
亿逆,4
亿部,4
从严治党,4
从量,4
他会,4
代言,4
以大,4
仪表,4
价格竞争,4
伊始,4
众包,4
伙伴关系,4
会为,4
会否,4
会员单位,4
会见,4
会面,4
传真,4
伪造,4
但求,4
低收入,4
佐证,4
体感,4
余承东,4
佳节,4
使用者,4
例外,4
供电,4
供货商,4
侦测,4
保加利亚,4
保持中立,4
保管,4
保险业,4
保额,4
信奉,4
信息管理系统,4
信贷业务,4
俨然,4
修理,4
倒霉,4
倔强,4
候任,4
偃旗息鼓,4
偏小,4
偏爱,4
做强,4
做过,4
健身器材,4
充值,4
充分体现,4
兆易,4
免除,4
党组,4
入主,4
入学,4
全天候,4
全身心,4
八个,4
八年,4
公安,4
公开招标,4
公认,4
共同努力,4
共用,4
关键时刻,4
其三,4
兹罗提,4
养殖户,4
兼职,4
写入,4
农历,4
农户,4
冯小刚,4
减亏,4
几日,4
凯德,4
出京,4
出入,4
出口国,4
出国,4
刀口,4
分会,4
分担,4
分支行,4
分解,4
分量,4
切入口,4
刚刚开始,4
创业项目,4
刮起,4
制动,4
制度性,4
刺穿,4
前三甲,4
副总,4
力图,4
办事处,4
办公楼,4
功夫,4
加密,4
加满,4
动感,4
助涨,4
劳工,4
勘察,4
包袱,4
化妆,4
北京城,4
北京铁路局,4
北汽,4
北青报,4
匹凸匹,4
区隔,4
十多年,4
十足,4
千亿元,4
华丽,4
华力,4
博导,4
占优势,4
占地约,4
占地面积,4
印章,4
厂区,4
历史纪录,4
压减,4
参赞,4
双赢,4
反倾销,4
反观,4
反驳,4
发卡行,4
发展部,4
发病率,4
取得成功,4
叙利亚,4
口袋,4
可不,4
可兑换,4
可取,4
可悲,4
可行性研究,4
台山市,4
台风,4
各个领域,4
各有,4
合作开发,4
同步进行,4
同理,4
后备军,4
含义,4
启发,4
吴世春,4
告终,4
咖啡,4
品味,4
哪些地方,4
商住,4
商品住宅,4
商情,4
商标法,4
啸虎,4
喇叭,4
喧嚣,4
四时,4
四轮驱动,4
回望,4
回转,4
固态,4
国家体育总局,4
国家税务总局,4
国开行,4
国改,4
国文,4
国旅,4
国有产权,4
国有经济,4
国道,4
国际原油,4
国际形势,4
圆满,4
土地价格,4
土豪,4
地上,4
地铁站,4
场面,4
坐在,4
块钱,4
坚定不移,4
基建投资,4
堪比,4
塑料,4
塑料网,4
境地,4
增设,4
壳体,4
复星,4
外汇资金,4
外表,4
外资企业,4
多花,4
夜间,4
大不如前,4
大事记,4
大亏,4
大半年,4
大戏,4
大摩,4
大桥,4
大楼,4
大连市,4
天窗,4
天花板,4
天逆,4
太低,4
太空,4
太过,4
头脑,4
夸大,4
夹缝,4
奋力,4
套房,4
女人,4
好不容易,4
好坏,4
好评,4
如实,4
如是说,4
如能,4
妇幼保健,4
妥协,4
委托书,4
姜超,4
姿态,4
学科,4
学部委员,4
安卓,4
宏源,4
宏磊,4
定下,4
定于,4
定居,4
宝万之争,4
实名,4
审视,4
家电行业,4
容器,4
寡头,4
对症下药,4
小客车,4
小家电,4
小步,4
尔多,4
尘埃落定,4
就业机会,4
屡屡,4
岁末年初,4
崩盘,4
嵌入,4
嵌套,4
工会,4
工序,4
工程款,4
已获,4
已超,4
市价,4
市场价,4
市面上,4
带动力,4
帮到,4
常识,4
并重,4
幻想,4
广西壮族自治区,4
庆典,4
库尔勒,4
度过,4
座谈,4
建投,4
建筑安装,4
开发利用,4
开花,4
开花结果,4
开鑫,4
开销,4
异构,4
引人关注,4
引来,4
弯曲,4
弯道,4
强生,4
形容,4
彩妆,4
影城,4
征服,4
徒增,4
微乎其微,4
微增,4
心理学,4
必不可少,4
必定,4
忘记,4
快药,4
快运,4
总人口,4
总会,4
总成,4
总站,4
恐将,4
恰好,4
恶性循环,4
悉数,4
悲剧,4
情节严重,4
惊讶,4
惜售,4
惠民,4
想着,4
想起,4
感光,4
慰问,4
我该,4
或会,4
房客,4
所有权,4
所购,4
扇贝,4
手动,4
打基础,4
打磨,4
执法人员,4
执法检查,4
执着,4
执行机构,4
找出,4
技术升级,4
技术实力,4
技术规范,4
技术革新,4
抗生素,4
抬高,4
抽取,4
拍拍,4
拭目以待,4
指导价,4
指明,4
指明方向,4
换帅,4
捷径,4
接替,4
接棒,4
控制柜,4
控股权,4
揭牌,4
搜索引擎,4
搜集,4
撕开,4
撬动,4
操作方法,4
支持者,4
支架,4
攻坚克难,4
攻略,4
放肆,4
政坛,4
政治局势,4
故宫博物院,4
效力,4
救济,4
数万,4
整整,4
文创,4
新光,4
新奇,4
新开,4
新理念,4
方位,4
方便快捷,4
方方面面,4
方舟,4
方针,4
无意,4
日中,4
昂贵,4
昌河,4
易主,4
易信,4
普尔,4
普速,4
景德镇市,4
景象,4
晶片,4
暂行规定,4
暗潮,4
曲折,4
更要,4
曾一度,4
最新进展,4
有偿,4
有变,4
有名,4
有缘,4
期许,4
未知,4
未见,4
本部,4
机械设备,4
杀价,4
李稻葵,4
李立峰,4
果蔬,4
柏林,4
柜台,4
查封,4
查理,4
柯桥区,4
核验,4
模块化,4
欠佳,4
欢乐,4
止步,4
正当,4
正当竞争,4
武威,4
毋庸置疑,4
每升,4
比拼,4
民智,4
气动,4
气囊,4
氮氧化物,4
水库,4
污染源,4
汽车品牌,4
汽车尾气,4
沉船,4
没用,4
没钱,4
油泵,4
油菜籽,4
法庭,4
波折,4
波澜,4
注意力,4
注视,4
泪流满面,4
洗碗机,4
津冀,4
派生,4
派驻,4
流通领域,4
海棠,4
海蛇,4
涂料,4
消费信贷,4
淘金,4
深受,4
深陷,4
混基,4
渐趋,4
温州市,4
滚轮,4
满足用户,4
演示,4
潇湘,4
潜伏,4
潜移默化,4
澳棉,4
激动,4
灌区,4
火灾,4
火箭,4
灯光,4
灯塔,4
点火,4
烟囱,4
热量,4
焊装,4
煤气,4
照亮,4
照料,4
燕赵,4
爱好者,4
爱尔兰,4
物管,4
牵制,4
牵涉,4
特约,4
犹如,4
猎人,4
猪八戒,4
王巍,4
王菲,4
现房,4
瓦特,4
生产性,4
生物谷,4
用卡,4
用户量,4
用益,4
甲苯,4
电子设备,4
电视台,4
略降,4
略高于,4
疯涨,4
病房,4
白光,4
白白,4
百分百,4
皇庭,4
皮棉,4
盛宴,4
直属,4
直报,4
直面,4
相亲,4
相悖,4
相识,4
看上去,4
看房,4
看盘,4
真理,4
眼中,4
知晓,4
矫正,4
矿山,4
矿石,4
研投,4
硬质,4
确切,4
碰到,4
神经,4
禁行,4
科学合理,4
科技进步,4
积极开展,4
称重,4
税收政策,4
稻谷,4
穿过,4
童话,4
符合国家,4
符合标准,4
符合规定,4
第一周,4
第一轮,4
第三种,4
第二产业,4
第二轮,4
答复,4
算上,4
算了,4
管住,4
管理者,4
管路,4
素质,4
索纳塔,4
紧固,4
紧锣密鼓,4
紫外,4
累涨,4
红盘,4
约车,4
纪委,4
纪律处分,4
纳米,4
纷纷表示,4
纺企,4
线性,4
细致,4
终极目标,4
终点,4
结余,4
绝佳,4
综合化,4
综合治理,4
综艺节目,4
绿柱,4
缴税,4
缺钱,4
美国联邦,4
翻新,4
翻阅,4
老挝,4
老生常谈,4
而生,4
而行,4
聊聊,4
联姻,4
联系方法,4
肉类,4
股债,4
股票投资,4
胜算,4
脚踏实地,4
脱虚向实,4
至纯,4
致以,4
船期,4
良莠不齐,4
艰辛,4
艾比,4
芒格,4
莫迪,4
落空,4
落袋,4
董明珠,4
蒙蔽,4
蓝鸟,4
蘑菇,4
蚂蚁,4
蜜月,4
螺栓,4
行不行,4
行事,4
行人,4
行走,4
表内,4
衰落,4
袭击,4
西门子,4
规模较,4
角逐,4
解答,4
触控,4
触摸,4
认罪,4
认输,4
议会,4
设厂,4
设计院,4
评为,4
询量,4
诱导,4
谢亚轩,4
财政补贴,4
货车,4
贪心,4
贬至,4
购房人,4
贸然,4
费力,4
资金外流,4
赌博,4
走向世界,4
赴美,4
赶超,4
起初,4
超卖,4
超跑,4
越发,4
越长,4
趋向于,4
跌价,4
跌宕起伏,4
跳涨,4
身后,4
车会,4
车厢,4
车窗,4
车身,4
车道,4
车队,4
转变成,4
轻微,4
载入史册,4
较窄,4
辛苦,4
迁徙,4
过万,4
过时,4
运到,4
运气,4
近几年来,4
这张,4
这片,4
连日,4
连日来,4
连线,4
连降,4
退耕还林,4
送餐,4
适应能力,4
适配,4
选手,4
逐一,4
逐利,4
通在,4
通行费,4
速卖通,4
遇冷,4
遥远,4
郊区,4
部省,4
配比,4
酒吧,4
酒类,4
量子,4
金投,4
金沙江,4
金色,4
金辉,4
金边,4
金鸡,4
钢材市场,4
钱袋子,4
钱要,4
银隆,4
铺开,4
锐减,4
错失,4
锻炼,4
闪耀,4
闭幕,4
闯关,4
阈值,4
防护林,4
阻挡,4
阿尔法,4
陌生,4
限贷,4
隐形,4
隐性,4
隔空,4
集中式,4
集团化,4
集结,4
零点,4
青岛市,4
静下心来,4
静态,4
韶关,4
顶峰,4
顺差,4
预处理,4
预祝,4
领航,4
颇具,4
风电,4
风雨,4
首开,4
首条,4
马车,4
骄阳,4
高估,4
高居,4
高架,4
高浓度,4
高等,4
鸡尾酒,4
鸡汤,4
麦当劳,4
黄色,4
黑点,4
默克尔,4
齐聚,4
abc,3
alex,3
amc,3
autospace,3
cctv,3
channel,3
cjrl,3
cnbc,3
copy,3
copyright,3
corp,3
cstock,3
ct,3
fdy,3
fellow,3
gf,3
jb,3
jbc,3
joe,3
kpi,3
mall,3
meta,3
mobile,3
mod,3
money,3
national,3
nba,3
nexus,3
nhtsa,3
numeric,3
office,3
oil,3
outline,3
paytm,3
pce,3
peter,3
phase,3
play,3
ppmoney,3
pps,3
project,3
rich,3
rift,3
rmb,3
scdma,3
siemens,3
sm,3
statista,3
synergy,3
tdd,3
tent,3
tqf,3
venture,3
wh,3
wto,3
ybfirst,3
yhhy,3
zoom,3
zuk,3
zxhz,3
一丝,3
一个半月,3
一中院,3
一体机,3
一再,3
一切都是,3
一副,3
一千,3
一地,3
一堆,3
一审判决,3
一帆风顺,3
一年期,3
一房,3
一把手,3
一揽子,3
一生,3
一看,3
一眼,3
一秒,3
一职,3
一茬,3
一路上,3
一辆车,3
一连串,3
一门,3
万亿韩元,3
万众,3
万州,3
万架次,3
万象,3
三件,3
三倍,3
三分之二,3
三层,3
三快,3
三甲,3
上令,3
上冲,3
上探,3
上映,3
上海铁路局,3
上级,3
上表,3
上路,3
下一阶段,3
下班,3
不下,3
不住,3
不信,3
不受,3
不同寻常,3
不在话下,3
不得已,3
不忘,3
不改,3
不止一次,3
不留,3
不言而喻,3
不败,3
不足为奇,3
不远,3
不难看出,3
不靠,3
专用车,3
专电,3
专线,3
世人,3
世界各地,3
世界银行,3
丙烯,3
业务流程,3
东山再起,3
东站,3
东芝,3
东长安街,3
两三个,3
两千,3
两名,3
两套,3
两弱,3
两样,3
两翼,3
两至,3
两起,3
两轮,3
两难,3
严厉打击,3
严管,3
个人所得税,3
中位,3
中位数,3
中保,3
中兴通讯,3
中国家电,3
中国社科院,3
中坚,3
中央银行,3
中山路,3
中式,3
中日,3
中时,3
中是,3
中瑞,3
中端,3
中纺,3
中规中矩,3
中资企业,3
中转,3
中间商,3
中非,3
丰台,3
临街,3
为时过早,3
为的是,3
主力军,3
主升浪,3
主宰,3
主播,3
主编,3
主题公园,3
丽江,3
丽莎,3
举动,3
之快,3
之星,3
乌兹别克斯坦,3
乐居,3
乘车,3
九州,3
九年,3
习惯性,3
书法,3
买到,3
买卖双方,3
买卖合同,3
买房人,3
买进,3
买错,3
争夺战,3
争相,3
事业性,3
二孩,3
云化,3
云商,3
五只,3
五国,3
五方面,3
亚美尼亚,3
交警,3
交通委,3
交通工具,3
产业资本,3
产品品质,3
产品组合,3
产经新闻,3
亲身,3
人寿保险,3
人心,3
人性化,3
人机,3
人格,3
人民战争,3
人民检察院,3
人社,3
亿台,3
亿吨级,3
亿平方米,3
亿至,3
亿韩元,3
从根本上,3
从重,3
代理律师,3
代际,3
令人瞩目,3
以收,3
以防,3
任正非,3
休假,3
休整,3
休眠,3
优先级,3
优先选择,3
优质产品,3
优越,3
伙同,3
会令,3
会到,3
传化,3
传输服务,3
传达,3
伤痕累累,3
伯南克,3
但会,3
但愿,3
低等,3
体积,3
余杭区,3
余款,3
余项,3
作假,3
作风,3
佳缘,3
佳通,3
使用量,3
例行,3
供求关系,3
供过于求,3
依旧会,3
侨兴,3
侵蚀,3
俗称,3
保修,3
保单,3
保卫战,3
保密,3
保底,3
保湿,3
保税区,3
信任危机,3
信号灯,3
信念,3
信条,3
信贷政策,3
修炼,3
倒计时,3
候鸟,3
债基,3
偏债,3
做事,3
做文章,3
停放,3
停职,3
偷逃税,3
储粮,3
元凶,3
元宵节,3
充分考虑,3
充实,3
充斥,3
先发,3
先看,3
光学,3
光照,3
光环,3
光纤,3
光阴,3
克莱斯勒,3
免去,3
入冬,3
入境,3
全副武装,3
全国人大常委会,3
全国联网,3
全权,3
全球性,3
全科,3
全面性,3
八大,3
公信力,3
公共设施,3
公共财政,3
公务,3
公开信,3
公式,3
公报,3
公用设施,3
共创,3
共和党人,3
关怀,3
兴奋,3
兴建,3
兴齐,3
其下,3
具体措施,3
内盘,3
内陆,3
再审,3
再生能源,3
再见,3
冒用,3
写作,3
写给,3
军团,3
农场,3
农民工,3
农牧业,3
农田灌溉,3
决策者,3
决胜,3
净空,3
几件,3
几位,3
几何,3
几十家,3
几句,3
几无,3
几次,3
几点,3
几百,3
几项,3
出动,3
出差,3
出水,3
出逃,3
出错,3
出门,3
击垮,3
分开,3
分配利润,3
切断,3
刑事责任,3
划定,3
划归,3
刘永好,3
创办人,3
创新奖,3
创新性,3
初步设计,3
初请,3
判处,3
利安隆,3
利用效率,3
利用系数,3
别墅,3
别忘了,3
到时候,3
制品业,3
刷卡,3
刻不容缓,3
前台,3
前夜,3
前沿技术,3
前科,3
前言,3
前路,3
剑锋,3
副处长,3
副所长,3
力所能及,3
功能区,3
加大力度,3
加成,3
加持,3
动员,3
助燃,3
努力做到,3
劳务费,3
劳动密集型,3
劳动者,3
勐烈,3
勐进,3
勘查,3
勤勉,3
包揽,3
包装材料,3
包装袋,3
包钢,3
化名,3
化工产品,3
北京地铁,3
北京大学,3
北京青年报,3
北疆,3
北辰,3
十个,3
十亿,3
十位,3
十方,3
千家万户,3
升华,3
半壁江山,3
半小时,3
半岛,3
华立,3
华通,3
单兵作战,3
卖地,3
卖点,3
南侧,3
南开大学,3
南美洲,3
博元,3
占有率,3
占款,3
占率,3
占股,3
卡尔,3
卧室,3
印度尼西亚,3
印有,3
印记,3
卷入,3
历史舞台,3
历来,3
压抑,3
压机,3
厚积薄发,3
原型机,3
去除,3
及时性,3
反应器,3
反正,3
反洗钱法,3
发展势头,3
发展期,3
发帖,3
发改,3
发烧,3
发热,3
发行期,3
受贿,3
受限于,3
变迁,3
变阵,3
口中,3
另一家,3
只用,3
可售,3
可循,3
右侧,3
号召,3
号牌,3
吃进,3
各具特色,3
各行各业,3
吉姆,3
吉林敖东,3
名下,3
名列前茅,3
名扬,3
名片,3
后半夜,3
后门,3
向东,3
向来,3
君正,3
启示,3
启程,3
吹响,3
周日,3
周治翰,3
味道,3
呼应,3
和硕,3
咸阳,3
品位,3
哪家,3
唯快,3
唱空,3
商业街,3
商办,3
商厦,3
商标权,3
商法,3
商界,3
商超,3
嘉祥,3
四只,3
四处,3
四通,3
回传,3
回想,3
因受,3
因地制宜,3
因私,3
团聚,3
囤货,3
困惑,3
固定式,3
固有,3
国产品牌,3
国内汽车,3
国务院新闻办公室,3
国土资源,3
国宝,3
国家信息中心,3
国药,3
国际博览,3
图像识别,3
图注,3
图谱,3
土地管理法,3
圣保罗,3
在售,3
地带,3
地板,3
地步,3
坐拥,3
坐标,3
坐落,3
坚强,3
型材,3
垫底,3
城中心,3
城六区,3
城里人,3
城镇职工,3
基本一致,3
基本保障,3
基金业,3
堆积,3
堵车,3
墙体,3
增压,3
增城,3
声浪,3
处境,3
处罚金,3
备用,3
复合式,3
复杂性,3
夏天,3
外交,3
外壳,3
外观设计,3
外运,3
多半,3
多层,3
多样,3
夜晚,3
夜班,3
大厅,3
大大增加,3
大学教授,3
大方向,3
大疆,3
大维,3
大象,3
大都市,3
大雾,3
大风,3
天内,3
天前,3
天后,3
天堂,3
天润,3
太子,3
失利,3
头显,3
夸张,3
夺冠,3
奉上,3
奋斗,3
奖惩,3
套取,3
奠基,3
奢侈品,3
奢望,3
女职工,3
好奇心,3
好比,3
始发,3
始终如一,3
委托方,3
威尼斯,3
娱乐圈,3
婴儿,3
嫁衣,3
字号,3
字眼,3
存续期,3
季增,3
守稳,3
安全门,3
安康,3
宗旨,3
官微,3
官方网站,3
定为,3
定名,3
定心丸,3
定量,3
宝宝,3
宝钢,3
实则,3
实现目标,3
实践经验,3
实际行动,3
实验性,3
客机,3
客运量,3
宣传部,3
宣扬,3
宣誓就职,3
室外,3
宪法,3
家园,3
家用电器,3
宽敞,3
宿舍,3
密不可分,3
富有,3
对不起,3
对外贸易,3
对照,3
对策,3
对错,3
导演,3
将定,3
小年,3
小明,3
小狗,3
小王,3
小而精,3
小视,3
少于,3
少交,3
尤为重要,3
就业人口,3
尽责,3
局部地区,3
屁股,3
居民收入,3
居民身份证,3
展业,3
展览会,3
山港,3
崇尚,3
崩跌,3
巅峰,3
川普,3
工作室,3
工商企业,3
工商总局,3
工程施工,3
巨大变化,3
巨资,3
巨轮,3
差异性,3
已死,3
已过,3
巴克莱,3
巴士,3
币种,3
市场潜力,3
市场调研,3
市场趋势,3
带上,3
席勒,3
帮忙,3
常年,3
常驻,3
干涸,3
干隆,3
平常,3
年增,3
年增长率,3
年货,3
年销售额,3
并不知道,3
并称,3
广发基金,3
广域,3
广安,3
广汽,3
广电,3
广铁集团,3
庆幸,3
底商,3
座位,3
康复,3
延后,3
建设厅,3
开具,3
开卖,3
开庭审理,3
开打,3
开春,3
开来,3
开票,3
异味,3
张扬,3
弹劾,3
强强,3
强行,3
归功于,3
归来,3
当之无愧,3
当作,3
当做,3
当属,3
录制,3
彭博社,3
影视制作,3
影视娱乐,3
往常,3
征战,3
很差,3
很近,3
微信群,3
微星,3
微涨,3
微粒,3
微降,3
德意志银行,3
心疼,3
心血管,3
必备,3
必看,3
志愿者,3
忠旺,3
快点,3
快车道,3
怀念,3
总体布局,3
总装,3
总需求,3
恐慌性,3
恒天,3
恭喜,3
恰当,3
悲哀,3
情侣,3
情怀,3
惠杨,3
想当然,3
感慨,3
慕容,3
慢性,3
成行,3
成都地区,3
成长期,3
我能,3
或令,3
或现,3
战役,3
战略目标,3
所处,3
手柄,3
手腕,3
扎根,3
打交道,3
打入,3
打着,3
打脸,3
执政,3
扩股,3
扩至,3
技术储备,3
把关,3
投后,3
投资性,3
投递,3
抗衰老,3
折磨,3
折腾,3
抛光,3
抢反弹,3
抢夺,3
抢筹,3
报复,3
抽样,3
拉低,3
拉大,3
拍卖行,3
拍品,3
拍得,3
拥挤,3
拼杀,3
指标体系,3
指点迷津,3
挡住,3
挽回损失,3
捕捉,3
损坏,3
换人,3
换届选举,3
据人,3
据市,3
据说,3
捷克,3
排出,3
排放量,3
排行,3
排量车,3
探险,3
探高,3
接下去,3
接触点,3
接轨,3
接驳,3
控制技术,3
推向市场,3
推开,3
推特,3
掩盖,3
提倡,3
提款权,3
提高质量,3
搁浅,3
携程,3
摄像,3
摒弃,3
撑起,3
撞击,3
撤出,3
撤回,3
操刀,3
擦拭,3
支付卡,3
收口,3
收小阳,3
收尾,3
收支,3
收盘价格,3
收视率,3
收金,3
放任,3
放养,3
放眼,3
政企,3
政局,3
故宫,3
敏锐,3
教育部,3
数字地图,3
敲击,3
敲响,3
整体性,3
整年,3
文化娱乐,3
文娱,3
文旅城,3
断层,3
新一任,3
新亮点,3
新房,3
新手,3
新时尚,3
新生力量,3
新药,3
新购,3
新锐,3
新雷能,3
方唱,3
方洪波,3
施工图,3
无一例外,3
无声,3
无形中,3
无烟煤,3
无线通信,3
日历,3
旧金山,3
早日,3
时有,3
时有发生,3
时钟,3
昆明市,3
明显提高,3
星河,3
春风,3
是非,3
晋中,3
晋北,3
晚会,3
普查,3
普通家庭,3
普通用户,3
景区,3
暂定,3
暗访,3
暴走,3
暴风雨,3
更为重要,3
更优,3
更佳,3
更愿,3
最坏,3
最广,3
最怕,3
最想,3
最爱,3
最短,3
最重,3
最高值,3
最高法院,3
有个,3
有增无减,3
有方,3
有无,3
有用,3
有种,3
望而却步,3
未曾,3
未果,3
未知数,3
未破,3
未确定,3
末班车,3
本源,3
本益比,3
朱俊生,3
机率,3
机电,3
权证,3
李扬,3
村镇,3
来电,3
来过,3
杨元庆,3
松紧,3
构架,3
果不其然,3
果仁,3
柳州,3
标准规范,3
标有,3
标注,3
标致,3
核心内容,3
核心区,3
核心理念,3
根本原因,3
桂冠,3
桂林,3
档次,3
棉市,3
植物,3
植被,3
楼价,3
横行,3
欠缺,3
次级,3
欢喜,3
欣慰,3
欧冠,3
欧洲各国,3
欧美国家,3
欧阳,3
正为,3
正确率,3
正规,3
此刻,3
此案,3
此起彼伏,3
死循环,3
死灰复燃,3
殆尽,3
每家,3
每平方米,3
每秒,3
每隔,3
比起,3
比选,3
毕业生,3
气象,3
氨纶,3
水涨船高,3
水稻,3
水面,3
永利,3
永远都是,3
汇控,3
汇率变动,3
汇通,3
汉堡,3
江龙,3
沉淀法,3
沉稳,3
沉重,3
沉默,3
沦为,3
河北地区,3
河谷,3
油服,3
油箱,3
油脂,3
油费,3
沿用,3
泛海,3
泛滥,3
波斯湾,3
波音,3
注解,3
注资,3
泸天化,3
洋河,3
洒水,3
流体,3
流水,3
海化,3
海淘,3
消毒,3
消费力,3
涌向,3
涌现出,3
涨得,3
涨破,3
液晶,3
淡水,3
深思,3
清流,3
清除,3
渐进,3
渔民,3
温情,3
游乐,3
游戏规则,3
游玩,3
湖中,3
湖区,3
湿度,3
源泉,3
滞后性,3
滨江,3
潘基文,3
潜规则,3
激光雷达,3
灌溉,3
火车,3
灰尘,3
灰飞烟灭,3
灾害,3
点至,3
点赞,3
炼铁,3
烙印,3
烟花,3
烟花爆竹,3
烟草,3
热交换,3
热烈,3
热爱,3
焦炭,3
焦煤,3
煎熬,3
煤价,3
煤焦油,3
煤量,3
照射,3
爱情,3
父亲,3
爸妈,3
牛肉,3
牢牢,3
物体,3
物流配送,3
特大型,3
特殊性,3
特约记者,3
特雷斯,3
犹豫不决,3
狂飙,3
狩猎,3
独占,3
独自,3
狭义,3
猝不及防,3
玉溪,3
王国,3
王朝,3
王牌,3
玫瑰,3
环境治理,3
现代集团,3
珍爱,3
班次,3
球迷,3
理应,3
理顺,3
琢磨,3
瓜分,3
生产量,3
生姜,3
用以,3
用友,3
用户数量,3
用水量,3
甲醇,3
申办,3
电光,3
电力设施,3
电器城,3
电影票房,3
电视电话会议,3
电饭煲,3
画像,3
畅销,3
留存,3
略显,3
疆内,3
病历,3
白俄罗斯,3
白天鹅,3
百万美元,3
百合,3
百家,3
皇家,3
监管者,3
盯上,3
直觉,3
相关联,3
相聚,3
省去,3
省委常委,3
看不懂,3
看中,3
看作,3
看准,3
看得见,3
看着,3
真能,3
眩晕,3
眺望,3
眼前,3
眼药,3
着急,3
短中线,3
短时,3
短短的,3
石油化工,3
石油部,3
矿产资源,3
矿区,3
研究室,3
研究者,3
确有,3
碳钢,3
磨合,3
社保卡,3
社科院,3
祝愿,3
神奇,3
神州,3
神舟,3
神龙,3
票价,3
禁令,3
福特,3
私营,3
秋天,3
科威特,3
科技含量,3
秒钟,3
秘鲁,3
积攒,3
积蓄,3
称之为,3
移动机器人,3
移除,3
稀少,3
税号,3
稳中有进,3
稳压,3
稻田,3
空闲,3
空高开,3
穿梭,3
突如其来,3
突进,3
立刻,3
立项,3
竞争能力,3
章法,3
章节,3
端到,3
符合要求,3
第一名,3
第一届,3
第一年,3
第一手,3
第二代,3
第二名,3
第二款,3
第四年,3
签合同,3
签订协议,3
简介,3
箱体,3
篮球,3
类股票,3
精典,3
精准度,3
精制,3
精华,3
精度,3
精心,3
精炼油,3
精致,3
糯米,3
系统对,3
紧紧围绕,3
紧迫,3
红头文件,3
红火,3
纪念,3
纯粹,3
纲领,3
纵向,3
纵深,3
纺纱,3
纺织厂,3
细菌,3
终究,3
经受,3
经查,3
经济周期,3
经纪商,3
经营风险,3
绕过,3
继任者,3
绿洲,3
编剧,3
缝隙,3
缩口,3
网信,3
网大,3
网注,3
网络安全,3
网络红人,3
网络设备,3
罗杰,3
罗湖,3
羊群,3
美国能源,3
群里,3
翔鹭钨业,3
老婆,3
老家,3
老手,3
而据,3
耍流氓,3
耗尽,3
聆讯,3
职能部门,3
联创,3
联合开发,3
联邦快递,3
联锁,3
聚光灯,3
股在,3
股票价格,3
股票名称,3
肩顶,3
肿瘤,3
胃口,3
背负着,3
胜诉,3
能为,3
脱身,3
自上而下,3
自制,3
自如,3
自来水,3
自然而然,3
自称,3
自负盈亏,3
自费,3
自驾,3
致命,3
致远,3
舍得,3
舱门,3
船只,3
船员,3
船艇,3
节制,3
花钱,3
芳烃,3
若想,3
苦难,3
英国人,3
苹果公司,3
荣事达,3
荣晟,3
荧光,3
药店,3
药房,3
莲花,3
获益,3
获胜,3
落入,3
蓝图,3
蔬菜,3
蕴藏,3
薄弱环节,3
虚增,3
虚拟化,3
虚火,3
虫草,3
蜡烛,3
蝉联,3
血拼,3
行贿,3
衣食住行,3
补上,3
表盘,3
袋装,3
装有,3
装机量,3
装配,3
裸露,3
西湖,3
要涨,3
规范性,3
角落,3
触觉,3
计划书,3
计划生育,3
计生委,3
计算方法,3
认准,3
议员,3
议程,3
记得,3
讲故事,3
许久,3
论金,3
试用,3
试着,3
试运行,3
诟病,3
诠释,3
该省,3
该类,3
课堂,3
调性,3
调整机制,3
调查报告,3
调查队,3
调涨,3
谈不上,3
谈论,3
谢永林,3
谴责,3
谷物,3
象征,3
象征性,3
豪威,3
财产权,3
财力,3
责成,3
货值,3
货场,3
货物贸易,3
质量标准,3
贪污,3
购金,3
贴近,3
贸易顺差,3
贿赂,3
资格考试,3
资金紧张,3
赔钱,3
赚得,3
赛象,3
赞赏,3
赤字,3
赫然,3
走动,3
走廊,3
走货,3
起亚,3
起因,3
起航,3
起色,3
趁机,3
超乎,3
超发,3
超大规模,3
超调,3
超车,3
越来越少,3
越走越远,3
越高,3
趋弱,3
跟不上,3
跟风,3
跨入,3
跨越式,3
路标,3
路灯,3
路线图,3
路透社,3
跳升,3
踏实,3
车内,3
车子,3
车货,3
车辆段,3
车辆通行,3
车锁,3
转身,3
轮值,3
轮出,3
软硬,3
软管,3
轴距,3
较真,3
边缘化,3
迁至,3
过夜,3
过火,3
过载,3
迎面,3
运往,3
运能,3
运载,3
运输能力,3
运量,3
近乎,3
近十年,3
还称,3
还贷,3
这下,3
这套,3
这篇,3
这股,3
这艘,3
这辆,3
进出口商,3
进去,3
进口产品,3
进口额,3
进城,3
进攻,3
进站,3
违法犯罪,3
连接点,3
连跌,3
迪士尼,3
迷雾,3
退潮,3
送货,3
送走,3
适宜,3
逃跑,3
选区,3
选用,3
透析,3
逐步推进,3
逐级,3
造船,3
遍布,3
道德,3
遗失,3
邓州,3
邓海清,3
邢台市,3
那天,3
邯郸市,3
邻里,3
郓城,3
里昂,3
重十,3
重叠,3
重大突破,3
重振,3
重量级,3
野村,3
量价,3
量力而行,3
金一,3
金昌,3
金茂,3
金蛋,3
金融管理,3
金道,3
金钰,3
金银花,3
钝化,3
钢产量,3
钢市,3
钱庄,3
铁人,3
铜锣湾,3
铝加工,3
铝材,3
银行信贷,3
锦绣,3
镜头,3
长度,3
长期保持,3
长短,3
长风,3
问卷,3
问卷调查,3
问及,3
闸门,3
防止出现,3
防火墙,3
阴跌,3
阶层,3
附加条件,3
陈旭东,3
陌陌,3
降下来,3
降低生产,3
限定,3
除甲醛,3
陷入困境,3
陷阱,3
隆基,3
隐忧,3
隐现,3
难以避免,3
难免,3
难民,3
雄厚,3
雅居乐,3
集体经济,3
雪球,3
零时,3
露天,3
露面,3
静心,3
非凡,3
靠山,3
面粉,3
靴子,3
音量,3
顶背离,3
项下,3
顺便,3
顺利完成,3
预付,3
领先水平,3
领头羊,3
颇受,3
频出,3
频次,3
频现,3
颓势,3
题为,3
额定,3
风云,3
风云人物,3
风尚,3
风平浪静,3
风投,3
风潮,3
风能,3
风起云涌,3
飞利浦,3
飞天,3
飞往,3
飞跃,3
餐桌,3
饮食,3
饲料厂,3
首例,3
首航,3
马克里,3
马德里,3
马路,3
马骏,3
驱使,3
骗补,3
骨架,3
高中,3
高开低走,3
高强度,3
高性能,3
高昂,3
高油价,3
高潮,3
高田,3
高等级,3
魅力,3
鲜明,3
鲜见,3
鹤壁,3
麦克风,3
麦迪,3
黄其森,3
黑客攻击,3
黑市,3
黑猫,3
黑车,3
鼓舞,3
鼠标,3
齿轮,3
龙城,3
abs,2
acb,2
acc,2
adv,2
advance,2
anchor,2
android,2
andy,2
area,2
associates,2
baidu,2
bank,2
bar,2
bbc,2
bdb,2
bed,2
bill,2
btm,2
bug,2
business,2
cambridge,2
cell,2
cfets,2
charles,2
charlie,2
cif,2
cmp,2
cnum,2
collect,2
communications,2
control,2
crunchbase,2
das,2
def,2
dell,2
delta,2
dfb,2
dna,2
dop,2
douban,2
edward,2
emc,2
fac,2
fdd,2
fdi,2
figcaption,2
finance,2
follow,2
forex,2
fs,2
fxstreet,2
gas,2
gear,2
gps,2
grab,2
great,2
hansen,2
hmi,2
hz,2
iea,2
info,2
investment,2
jack,2
james,2
japan,2
jason,2
john,2
jtico,2
jx,2
kitco,2
kuka,2
law,2
le,2
learning,2
lee,2
light,2
linkedin,2
lite,2
mail,2
markets,2
matic,2
mbg,2
mcu,2
metals,2
mib,2
ml,2
morning,2
nasdaq,2
ne,2
ng,2
noscript,2
oem,2
org,2
os,2
page,2
park,2
picintro,2
platform,2
pokemon,2
power,2
qh,2
qualcomm,2
rts,2
run,2
seo,2
sharecount,2
shi,2
small,2
smc,2
snapdeal,2
soho,2
spectrum,2
square,2
standard,2
sto,2
stockcanvas,2
suda,2
sudaclick,2
techweb,2
tel,2
term,2
thomas,2
tieba,2
tiejoincount,2
tielink,2
tony,2
tosearch,2
ups,2
url,2
wabei,2
web,2
weibocard,2
whcs,2
xx,2
yc,2
yunos,2
zh,2
zigbee,2
一个多月,2
一串,2
一企,2
一分,2
一劳永逸,2
一匹,2
一区,2
一双,2
一圈,2
一城,2
一夜之间,2
一如,2
一家独大,2
一己,2
一幅,2
一抹,2
一招,2
一探,2
一条线,2
一杯,2
一枚,2
一架,2
一栋,2
一栏,2
一步步,2
一汽,2
一波三折,2
一泻千里,2
一潭死水,2
一点点,2
一环,2
一瞬间,2
一策,2
一纸,2
一般性,2
一艘,2
一败涂地,2
一遍,2
一间,2
一阵,2
七周,2
七类,2
万件,2
万余人次,2
万公顷,2
万分之三,2
万千,2
万春,2
万次,2
万点大关,2
万笔,2
万隆,2
三位,2
三名,2
三无,2
三氯,2
三者,2
三聚氰胺,2
三至,2
三驾,2
上交,2
上加,2
上半场,2
上周末,2
上峰,2
上试,2
上边,2
上部,2
上饶,2
下个,2
下功夫,2
下棋,2
下浮,2
下结论,2
下载量,2
不买,2
不准,2
不凡,2
不去,2
不可或缺,2
不复,2
不大可能,2
不失为,2
不孕,2
不带,2
不幸,2
不得而知,2
不惜,2
不懈,2
不断前进,2
不无,2
不服气,2
不法分子,2
不涨,2
不温不火,2
不爽,2
不看,2
不稳,2
不稳定性,2
不算什么,2
不给力,2
不缺,2
不育,2
不良信息,2
不见,2
不解,2
不起眼,2
不选,2
不顺,2
不顾,2
丑闻,2
专业人才,2
专业技能,2
专利技术,2
专利费,2
专员,2
专家组,2
世界领先,2
业务人员,2
业等,2
东亚,2
东南,2
东南部,2
东方航空,2
东莞市,2
两三,2
两人,2
两亿,2
两件,2
两份,2
两国关系,2
两国政府,2
两块,2
两手抓,2
两省,2
两线,2
两边,2
严守,2
严惩,2
严肃,2
严肃处理,2
个人电脑,2
个人账户,2
个人隐私,2
中亚地区,2
中产,2
中低收入,2
中低端,2
中共中央,2
中华民族,2
中后期,2
中向,2
中国东方航空,2
中国家用电器协会,2
中国建材,2
中国海关,2
中国科学院,2
中国邮政,2
中央党校,2
中央政府,2
中学,2
中将,2
中度,2
中康,2
中意,2
中文版,2
中曾,2
中未,2
中材,2
中来,2
中毅,2
中毒,2
中港,2
中源,2
中物联,2
中石化,2
中科,2
中级法院,2
中继,2
中英,2
中药,2
中要,2
中诚信,2
中说,2
中金,2
中间环节,2
中青宝,2
中高层,2
串联,2
临床试验,2
临汾,2
丹麦,2
为宜,2
主人,2
主办单位,2
主动出击,2
主城,2
主导地位,2
主攻,2
举报电话,2
举步维艰,2
义务教育,2
之久,2
之作,2
之夜,2
之巅,2
之战,2
之旅,2
之王,2
之高,2
乌云,2
乌镇,2
乐于,2
乐天,2
乘务,2
乘飞机,2
乙醇汽油,2
书店,2
买不到,2
买得起,2
买来,2
买点,2
乳企,2
乳品,2
争端,2
事业部制,2
事事,2
事儿,2
事关,2
事前,2
二世,2
二十一,2
二十几个,2
二十年,2
二合一,2
二审,2
二度,2
二战,2
二氧化硫,2
二等奖,2
于事无补,2
于高端,2
亏亏,2
云城,2
互利,2
互相学习,2
五分之一,2
五常,2
五次,2
五洲,2
五金,2
五项,2
亚太区,2
亟需,2
亡羊补牢,2
交房,2
交接,2
交死,2
交流平台,2
交织,2
交通拥堵,2
交错,2
产品名称,2
产教,2
产权保护,2
产油,2
产研,2
产需,2
京津,2
亮丽,2
亲爱,2
人乐,2
人事变动,2
人力资本,2
人员配备,2
人大常委会,2
人机界面,2
人流量,2
人用,2
人眼,2
人证,2
亿升,2
仅用,2
今世,2
今天下午,2
介质,2
仍具,2
仍大,2
仍强,2
仍高,2
从人,2
从化,2
从商,2
从容,2
从市,2
从未有过,2
从美,2
从轻,2
从长远看,2
付汇,2
代线,2
代表团,2
代言人,2
以价,2
以单,2
以求,2
以稳,2
以线,2
以西,2
以销定产,2
以长,2
以非,2
以飨读者,2
以鱼,2
仪表盘,2
价格体系,2
价格水平,2
价齐,2
价齐升,2
任内,2
任泉,2
任泽平,2
任重道远,2
企业管理者,2
企债,2
伊丽莎白,2
伊兰特,2
众邦,2
优异成绩,2
优秀奖,2
优美,2
会受,2
会员卡,2
会展中心,2
会谈,2
伟业,2
伟民,2
传动轴,2
传统产业,2
传讯,2
传说,2
传送,2
伤及,2
伤痕,2
伦锌,2
估测,2
伸出,2
伸向,2
位新,2
低下,2
低价位,2
低收益,2
住宅区,2
住宅小区,2
体内,2
体育运动,2
体育项目,2
体面,2
何去何从,2
何在,2
余名,2
余地,2
余条,2
佛说,2
作家,2
作战,2
作收,2
你好,2
使馆,2
供需矛盾,2
依法打击,2
依法治国,2
依规,2
侦查,2
侧重,2
侯任,2
侵害,2
便携,2
促动,2
俄亥俄州,2
俊杰,2
保住,2
保健,2
保护意识,2
保护环境,2
保持足够,2
保持高速,2
保质期,2
保险人,2
保驾护航,2
信守,2
信贷管理,2
修宪,2
修建,2
修正案,2
修饰,2
倒数,2
倒退,2
候选,2
借债,2
借势,2
借着,2
债息,2
倾力,2
倾听,2
偏淡,2
偏远地区,2
做些,2
做实,2
做客,2
做得好,2
做点,2
停下,2
停不下来,2
停业,2
停业整顿,2
停摆,2
停板,2
停盘,2
停车位,2
偷盗,2
偷走,2
傍晚,2
像样,2
僵持,2
儿戏,2
儿科,2
元为,2
元件,2
元力,2
元春,2
元老,2
元首,2
充分条件,2
充分说明,2
充当,2
先例,2
先扬,2
先是,2
先烈,2
先行者,2
先进经验,2
光明日报,2
光源,2
光电,2
光芒,2
光谱,2
克拉,2
免于,2
入住,2
入侵,2
入库,2
全体会议,2
全场,2
全封闭,2
全文如下,2
全智能,2
全款,2
全球战略,2
全球排名,2
全盘,2
全职,2
全都,2
全铝,2
全长,2
八千,2
八百,2
公共事业,2
公司制,2
公司法人,2
公安局,2
公开课,2
公章,2
公约,2
公证,2
公车私用,2
公馆,2
六只,2
兰溪,2
共同开发,2
共同点,2
共存,2
共性,2
共生,2
共设,2
共进,2
共鸣,2
关卡,2
关注点,2
关键在于,2
关键所在,2
关门,2
其新,2
具备条件,2
典范,2
养成,2
养殖,2
养活,2
兼具,2
内功,2
内涵式,2
内生性,2
内蒙古自治区,2
内讧,2
内部测试,2
内高,2
再就是,2
再战,2
再生产,2
再用,2
再起,2
军队,2
农信社,2
农合,2
农林牧渔,2
农田,2
冯虎,2
冰冻,2
冰岛,2
冰柜,2
冲上,2
冲击力,2
冲动,2
冲压,2
冲着,2
冲进,2
冲量,2
冲锋号,2
冶金,2
冷却,2
冷战,2
冷空气,2
冻结资金,2
准入条件,2
准确率,2
凌厉,2
减低,2
减幅,2
减至,2
凑齐,2
凛冽,2
凝聚,2
几分钟,2
几十年,2
几类,2
几轮,2
凡本网,2
凤毛麟角,2
出世,2
出众,2
出单,2
出发点,2
出口商,2
出品,2
出新,2
出清,2
出游,2
出现异常,2
出空,2
出脱,2
出表,2
出院,2
函数,2
分娩,2
分手,2
分裂,2
分阶段,2
分院,2
刊载,2
划拨,2
列举,2
刘畅,2
刘益谦,2
创新者,2
创盈,2
创造力,2
初代,2
初六,2
初审,2
初步成效,2
初现,2
初稿,2
判罚,2
利他,2
利宝,2
利诱,2
别无选择,2
到场,2
到处,2
到手,2
到线,2
制定者,2
制药业,2
制衡,2
制造者,2
制革,2
制高点,2
刷刷,2
刷屏,2
刹车,2
刻意,2
前会,2
前十名,2
前半年,2
前大灯,2
前提条件,2
前有,2
前段,2
前装,2
前辈,2
前进方向,2
前途,2
前部,2
剑桥,2
剖析,2
剧场,2
副司长,2
副省长,2
割裂,2
力求,2
力特,2
劝退,2
办事,2
办手续,2
功夫不负有心人,2
加个,2
加工厂,2
加开,2
加法,2
加盖,2
加紧,2
加载,2
劣势,2
动力电池,2
动因,2
动态平衡,2
动机,2
动真格,2
助残,2
助长,2
努力实现,2
劳动报酬,2
劳动生产率,2
势不可挡,2
势如破竹,2
勉强,2
勘测,2
包办,2
包容,2
匆忙,2
化合物,2
化学反应,2
化肥,2
北京地区,2
北京市区,2
北国,2
北山,2
北水,2
区位,2
区域间,2
医养,2
医护人员,2
医药品,2
十一号,2
十万,2
十余家,2
十余年,2
十六,2
十天,2
十里,2
十项,2
千万吨,2
千只,2
千台,2
千名,2
千点,2
千米,2
千里,2
升破,2
升级换代,2
升级版,2
半周,2
半年线,2
半月,2
半路,2
华东区,2
华北区,2
华南区,2
华南地区,2
华发,2
华夏银行,2
华媒,2
华益,2
华盛顿邮报,2
华科技,2
华锦,2
华龙,2
协会会长,2
协合,2
协同作战,2
协和,2
卓有成效,2
单井,2
单方面,2
单票,2
卖出去,2
卖股,2
南山区,2
南洋,2
博傻,2
博物馆,2
博览,2
博越,2
博鳌,2
卡塔尔,2
卡片,2
卢比,2
印度政府,2
印钞,2
危险废物,2
即将来临,2
即日起,2
卸下,2
历年,2
厉害,2
压根,2
压缩空气,2
压货,2
原产,2
原煤,2
原生,2
原由,2
厨卫,2
厨房电器,2
去向,2
去往,2
县城,2
参展商,2
参差不齐,2
参投,2
参选,2
及风控,2
友商,2
双人,2
双反,2
双塔,2
双杀,2
双核心,2
双翼,2
双边关系,2
双龙,2
反制,2
反压,2
反响,2
反复强调,2
反复研究,2
反恐怖,2
反省,2
发出信号,2
发力点,2
发展壮大,2
发工资,2
发往,2
发新,2
发明人,2
发盈警,2
发表声明,2
发表文章,2
发货量,2
取暖,2
取缔,2
取而代之,2
受不了,2
受众,2
受困,2
变卖,2
变差,2
变幻莫测,2
变送器,2
变革时代,2
口子,2
古老,2
另一只,2
只涨,2
召唤,2
可为,2
可享,2
可信度,2
可寻,2
可待,2
可惜,2
可拆卸,2
可望,2
可研,2
台基,2
台媒称,2
号角,2
吃螃蟹,2
吃饱,2
各庄,2
各有不同,2
各项改革,2
合一,2
合乎逻辑,2
合并案,2
合集,2
吉尔吉斯斯坦,2
同价,2
同志,2
同权,2
同盟,2
同行者,2
名副其实,2
名叫,2
名录,2
名正言顺,2
名高管,2
后代,2
后会,2
后悔,2
后排,2
后方,2
后来居上,2
后要,2
向往,2
君临天下,2
吞噬,2
吞没,2
否决,2
否定,2
含增,2
含金量,2
听说,2
启辰,2
吸取,2
吸取教训,2
吸气,2
吹捧,2
吹来,2
吻合,2
告一段落,2
周大福,2
呵护,2
和澳洲,2
品牌优势,2
品级,2
响起,2
哥斯达黎加,2
哪些方面,2
哪来,2
哭诉,2
唐家,2
唐山市,2
售粮,2
商业保险,2
商业活动,2
商务部长,2
商品销售,2
商标注册,2
商用车,2
商票,2
喊单,2
喷涂,2
嗅觉,2
嘴边,2
器官,2
器材,2
噪声,2
囊括,2
四天,2
四席,2
四成,2
四方,2
四月份,2
四线,2
四色,2
四起,2
回事,2
回响,2
回潮,2
回顾过去,2
因果,2
因涉嫌,2
围挡,2
围棋,2
固守,2
固收类,2
国产车,2
国储,2
国办,2
国务院办公厅,2
国华人寿,2
国土面积,2
国外市场,2
国家旅游局,2
国寿,2
国情,2
国有土地,2
国有银行,2
国立,2
国门,2
国际事务,2
图中,2
图腾,2
圈层,2
在我看来,2
在职,2
地下室,2
地为,2
地产股,2
地去,2
地向,2
地处,2
地来,2
地段,2
地狱,2
地理位置,2
地铁口,2
场上,2
均匀,2
坎坷,2
坐火车,2
块状,2
坚决执行,2
坚实基础,2
坚果,2
坚韧,2
坦承,2
型钢,2
埃及,2
埃尼,2
埋下,2
埋头,2
城市居民,2
城配,2
域名,2
基本概念,2
堆放,2
堪忧,2
堵塞,2
墙上,2
增益,2
增长幅度,2
声势浩大,2
声誉,2
处处长,2
备足,2
复燃,2
外交政策,2
外储,2
外出,2
外商,2
外国人,2
外汇交易,2
外汇管制,2
外矿,2
外衣,2
外资银行,2
外销,2
多一些,2
多一点,2
多万元,2
多会,2
多出,2
多天,2
多彩,2
多用户,2
多空单,2
多篇,2
多维度,2
多轮,2
大不了,2
大为,2
大件,2
大会决议,2
大体上,2
大作,2
大使,2
大兴,2
大军,2
大刀阔斧,2
大剧,2
大卡车,2
大受,2
大可不必,2
大吉,2
大哥,2
大堂,2
大大的,2
大好,2
大妈,2
大安,2
大展,2
大开,2
大悦,2
大方,2
大有可为,2
大点,2
大相径庭,2
大红大紫,2
大纲,2
大考,2
大臣,2
大船,2
大调,2
大资管,2
大跃进,2
大运,2
大选年,2
大都,2
大降,2
大风大浪,2
天城,2
天玑,2
天门山,2
太古,2
太平洋地区,2
太快,2
太早,2
太阳能,2
夫妇,2
失而复得,2
失联,2
失血,2
失速,2
头痛,2
夹击,2
夹带,2
奇怪的是,2
奉献,2
奋斗目标,2
奎屯,2
奔腾,2
奖金,2
套件,2
套保,2
套数,2
套用,2
奥秘,2
奶源,2
奶酪,2
好了吗,2
好奇,2
好感度,2
好房,2
好时机,2
如履薄冰,2
如意,2
妖精,2
始终保持,2
委会,2
委派,2
姜洋,2
姿势,2
威海,2
娴熟,2
婚姻,2
嫁接,2
嫌疑,2
嫌疑人,2
子弹,2
孕产妇,2
字形,2
字样,2
字母,2
字画,2
存活,2
存销,2
孙正义,2
季调,2
学前,2
学前教育,2
宁贵,2
宁静,2
它会,2
宅配,2
守信,2
安全可靠,2
安全局,2
安全法,2
安博,2
安哥拉,2
安居,2
安稳,2
安阳,2
安静,2
完成率,2
完税,2
宏图,2
定价权,2
定位系统,2
定型,2
定性,2
定期存款,2
定罪,2
定论,2
定金,2
实业公司,2
实为,2
实习,2
实例,2
实录,2
实惠,2
实战经验,2
实效,2
实测,2
实货,2
宠儿,2
客商,2
客源,2
客观规律,2
宣泄,2
宣言,2
室内外,2
室内空气,2
室温,2
宫斗,2
宴会,2
家乐福,2
家乡,2
家种,2
家门,2
容忍度,2
宽体,2
宾客,2
寂寞,2
富国银行,2
富春,2
富裕,2
富阳,2
寒潮,2
对内,2
对华,2
对国,2
对流,2
对科创,2
对美,2
对面,2
寻得,2
导游,2
寿命长,2
寿险业,2
封信,2
封板,2
封面,2
尊严,2
小亏,2
小兵,2
小到,2
小区业主,2
小商品,2
小学,2
小学生,2
小孩,2
小巴,2
小弟,2
小摩,2
小组会议,2
小结,2
小视频,2
小路,2
小车,2
小钱,2
小鸣,2
少年儿童,2
尚待,2
尚有,2
尚福林,2
尚需,2
就位,2
就职典礼,2
就行,2
就诊,2
就读,2
尹蔚民,2
尺度,2
尽如人意,2
尽情,2
尽早,2
尽量避免,2
尾巴,2
层级,2
居中,2
居住证,2
居住面积,2
居民区,2
居民家庭,2
屈庆,2
屋顶,2
屏蔽,2
屏蔽门,2
展上,2
属实,2
履历,2
山海,2
山西太原,2
山西省政府,2
岛礁,2
岿然不动,2
峰瑞,2
崩塌,2
巡察,2
巡展,2
工业协会,2
工业园,2
工业革命,2
工作力度,2
工作效率,2
工商登记,2
工商行政管理局,2
工程建设,2
工程技术,2
左侧,2
巧合,2
巨人,2
巨无霸,2
巨浪,2
巨量,2
差钱,2
己任,2
已成定局,2
已现,2
已近,2
市中心,2
市况,2
市场导向,2
市场推广,2
布兰特,2
布拉格,2
布满,2
布线,2
布雷顿,2
带量,2
帷幕,2
常务副,2
常备,2
常委,2
常山,2
常熟,2
幕后,2
干不了,2
干到,2
干成,2
干燥,2
平和,2
平均数,2
平平,2
平抑,2
平空,2
平衡点,2
平阳,2
平面,2
年仅,2
年拟,2
年终总结,2
年里,2
年销,2
并不多,2
并入,2
并购案,2
幸免于难,2
幼儿园,2
广为,2
广告业务,2
广播,2
庆贺,2
序列,2
库欣,2
库点,2
应立即,2
应诉,2
应运而生,2
底仓,2
底子,2
底板,2
底盘,2
店员,2
废旧,2
废除,2
康强,2
延边,2
建材,2
建筑工程,2
建设性,2
开仓,2
开会,2
开发成本,2
开垦,2
开展调查,2
开播,2
开机,2
开港,2
开空,2
开罗,2
开门,2
开阔,2
异化,2
异响,2
异曲同工,2
引申,2
引资,2
张宏伟,2
张家口,2
张江,2
张钦,2
张锐,2
弱于,2
弱者,2
强压,2
强心剂,2
强者,2
归于,2
归因于,2
归类,2
归还,2
当今,2
当今世界,2
当其,2
当周,2
当头,2
当家人,2
当成,2
影视文化,2
彷徨,2
往返,2
征兆,2
征地,2
待售,2
很多年,2
很淡,2
得主,2
得天独厚,2
循序渐进,2
微信里,2
微妙,2
微小,2
微幅,2
微弱,2
微笑,2
微调,2
微距,2
德尔,2
心得,2
心思,2
心灵,2
心跳,2
必有,2
必经,2
必要性,2
必需,2
忍不住,2
忍无可忍,2
快到,2
快消,2
快速反应,2
忽悠,2
思域,2
急于求成,2
怪现象,2
总工程师,2
总要,2
总长度,2
总面积,2
恋爱,2
恐怖袭击,2
恒大以,2
恢复正常,2
恶性事件,2
悄无声息,2
悬浮,2
悬而未决,2
情报,2
情理之中,2
情绪化,2
情绪高涨,2
惊魂,2
惠程,2
惨淡,2
意想不到,2
意料之外,2
意欲,2
意气风发,2
意见建议,2
感动,2
感同身受,2
感应,2
慎重,2
慢线,2
慢行,2
戏剧性,2
成功率,2
成千上万,2
成效显著,2
成正比,2
成熟期,2
我家,2
或成,2
战将,2
战局,2
战术,2
战法,2
截然不同,2
房屋中介,2
房票,2
所售,2
所指,2
所述,2
手势,2
手套,2
手工,2
手持,2
手术室,2
手记,2
才行,2
打下基础,2
打出,2
打动,2
打官司,2
打烊,2
打电话,2
打败,2
打赢,2
打造出,2
扛起,2
执念,2
执意,2
执飞,2
扫地出门,2
扫除,2
扮演着,2
扮靓,2
扶梯,2
扶植,2
批筹,2
找准,2
技师,2
技术含量,2
技术型,2
技术壁垒,2
抓住机会,2
投了,2
投放市场,2
投方,2
投资品,2
投资总额,2
投身,2
投连险,2
抗单,2
抗拒,2
抗跌,2
折中,2
折叠,2
抛出,2
抢地,2
抢收,2
抢红包,2
抢食,2
护肤,2
护肤品,2
报上,2
报导,2
报案,2
报盘,2
抵御,2
抵挡,2
抵触,2
押宝,2
抽象,2
拆解,2
拉响,2
拉姆,2
拉开帷幕,2
拉拢,2
拉涨,2
拓荒,2
拔高,2
招数,2
招股价,2
招采,2
拟合,2
拨付,2
拱北,2
拳头产品,2
拼命,2
拼搏,2
拿走,2
持久,2
持久战,2
持卡,2
持有者,2
持续保持,2
挂牌价,2
指使,2
指导性,2
指挥部,2
指日可待,2
指示,2
指纹识别,2
按部就班,2
挑选出,2
挖掘机,2
挚爱,2
挤占,2
挥舞,2
挫折,2
挺拔,2
捆绑,2
捍卫,2
捕获,2
损耗,2
换代,2
换届,2
换机,2
换气,2
换血,2
换量,2
授人,2
授人以渔,2
掉头,2
掉期,2
掉队,2
掌舵人,2
掌门人,2
掏空,2
排在,2
排序,2
排放物,2
排烟,2
排第,2
接二连三,2
接任,2
接受度,2
接地,2
接手,2
接着就是,2
接纳,2
接货,2
接过,2
控人,2
控件,2
控制中心,2
控制力,2
推到,2
推崇,2
推断,2
推波助澜,2
推特上,2
推理,2
推进改革,2
推销,2
推销员,2
推高至,2
掩饰,2
措手不及,2
提了,2
提供数据,2
提供者,2
提早,2
提货,2
提起公诉,2
提量,2
提高效率,2
插电式,2
揭秘,2
揽客,2
揽胜,2
搁置,2
搬离,2
摇晃,2
摘取,2
摸底,2
摸清,2
摸着石头过河,2
播种,2
撮合,2
撰稿人,2
操作性,2
操作系统,2
擦边球,2
支持率,2
支撑力,2
支纱,2
支线,2
收付,2
收官战,2
收成,2
收款,2
收益权,2
收货,2
改了,2
改气,2
改观,2
攻击者,2
放眼世界,2
放管服,2
放置,2
放进,2
政党,2
政委,2
政经,2
效果图,2
效率高,2
救命稻草,2
教会,2
教练,2
教育资源,2
教育领域,2
教训,2
敞口,2
散热,2
敬请期待,2
数倍,2
数十倍,2
数十家,2
数天,2
数娱,2
数学模型,2
数将,2
数据挖掘,2
数据服务,2
数据终端,2
数日,2
数次,2
敲钟,2
整容,2
整改措施,2
整装待发,2
文化传媒,2
文峰,2
文广,2
料场,2
斜率,2
斟酌,2
新世界,2
新世纪,2
新乡,2
新兴国家,2
新军,2
新农,2
新动力,2
新动向,2
新品种,2
新大陆,2
新安,2
新形势下,2
新思路,2
新春,2
新机制,2
新格局,2
新棉,2
新生事物,2
新疆生产建设兵团,2
新的一页,2
新词,2
新贵,2
新起点,2
新车型,2
新闻媒体,2
新风,2
新风尚,2
方向盘,2
方法论,2
旅游网,2
旅程,2
旅途,2
旋风,2
旗帜,2
旗舰机,2
无功,2
无太大,2
无异,2
无此,2
无水,2
无法解释,2
无知,2
无纸化,2
无起色,2
无非,2
无风险,2
既定,2
日到,2
日受,2
日向,2
日常生活,2
日收涨,2
日新,2
日用,2
日趋激烈,2
日跌,2
旧改,2
早些,2
早早,2
旭辉,2
时代广场,2
时向,2
时应,2
时日,2
时机成熟,2
时称,2
时空,2
时节,2
时许,2
时说,2
时起,2
时速,2
时间跨度,2
昂科威,2
昂首,2
昆仲,2
昌九,2
明令,2
明显增加,2
明晟,2
明珠,2
易于,2
易威登,2
易尚,2
易居,2
易购,2
星巴克,2
星期,2
星期五,2
春晚,2
春节假期,2
春雨,2
昭示,2
是否是,2
晨报讯,2
晨曦,2
普通百姓,2
普遍现象,2
景点,2
晴天,2
智享,2
暂未,2
暗查,2
暴拉,2
暴涨暴跌,2
曲江,2
更何况,2
更多,2
更新换代,2
更深,2
更能,2
更让人,2
更近,2
曾任,2
曾刚,2
替代品,2
最低值,2
最佳时机,2
最前沿,2
最合适,2
最热,2
最牛,2
最美,2
最难,2
最高级别,2
有三大,2
有余,2
有太多,2
有如,2
有害物质,2
有幸,2
有形,2
有把握,2
有法可依,2
有理有据,2
有目共睹,2
有线,2
有话,2
服务供应商,2
服务型,2
服务网络,2
服务设施,2
朗德,2
朝上,2
期满,2
期限内,2
未公开,2
未可知,2
未满,2
未获,2
末页,2
本报,2
本是,2
本月底,2
本省,2
术语,2
机具,2
机电产品,2
机车,2
杀入,2
杀敌,2
权威人士,2
李俊,2
李嘉诚,2
李宁,2
李家,2
李强,2
李笑,2
村委会,2
杜绝,2
条约,2
来个,2
极光,2
极客,2
极限,2
构想,2
构造,2
林业局,2
林采宜,2
果粉,2
架空,2
柔性化,2
查尔斯,2
查清,2
标品,2
标本兼治,2
标榜,2
株式会社,2
样机,2
核发,2
核定,2
核建,2
核酸,2
根基,2
根本好转,2
根本无法,2
格格,2
格里,2
桥架,2
桥西区,2
梅州,2
梅花,2
检索,2
检讨,2
棉区,2
棉纺织,2
棋局,2
棘手,2
椅子,2
楼层,2
楼栋,2
榜上,2
榜样,2
横跨,2
橄榄枝,2
次年,2
欧市,2
欧盟委员会,2
欺骗,2
欺骗性,2
止跌回升,2
正因,2
正新,2
正本清源,2
正确方向,2
正轨,2
正邦,2
步入正轨,2
步步,2
步行,2
武功,2
武器,2
武昌鱼,2
武钢,2
死去,2
死守,2
殊途同归,2
段子,2
殷勇,2
毁约,2
毅力,2
母亲,2
每份,2
每分钟,2
每套,2
每季度,2
每辆,2
每辆车,2
毒瘤,2
比喻,2
比索,2
比肩,2
比较复杂,2
民航业,2
气势,2
气息,2
气愤,2
水乡,2
水利建设,2
水土不服,2
永久性,2
求胜,2
求解,2
汇率问题,2
汇集,2
江苏省委,2
汽车贸易,2
汽车销量,2
汽车集团,2
汽配,2
沉寂,2
沉着,2
沉睡,2
沙场,2
沙河市,2
没人敢,2
没错,2
沧州,2
沱牌,2
沸沸扬扬,2
油井,2
油价格,2
油漆,2
治水,2
沿海地区,2
泄漏,2
法则,2
法在,2
法官,2
法宝,2
法拉,2
法治化,2
泛起,2
泡沫化,2
波多黎各,2
波导,2
波澜不惊,2
波通社,2
注册地,2
注意安全,2
洗衣机,2
洪崎,2
洪泰,2
洪荒,2
活下去,2
活着,2
派送,2
流感,2
流水线,2
流畅,2
流行病,2
流通盘,2
测定,2
浏览量,2
浓厚兴趣,2
浙江省政府,2
浦发,2
浮亏,2
浮出,2
浮沉,2
浮现,2
浮躁,2
浴室,2
海内外,2
海尔,2
海水,2
海淀,2
海航,2
海西,2
涂布,2
涂布机,2
消停,2
消化系统,2
消散,2
消极,2
消费国,2
消费水平,2
消费结构,2
消费观,2
消费额,2
涉嫌犯罪,2
涡轮,2
涤纶纱,2
润泽,2
涨升,2
涨落,2
液体,2
液晶显示,2
淡出,2
淡定,2
深套,2
深感,2
深水,2
深蓝,2
深远影响,2
混战,2
混淆,2
混迹,2
淹没,2
添砖加瓦,2
清偿,2
清新,2
清晰度,2
清盘,2
清镇,2
渝中区,2
渡过,2
渡过难关,2
渣土,2
温水,2
港中旅,2
港媒称,2
港澳,2
渲染,2
游子,2
游泳池,2
湖州,2
湖路,2
溃败,2
源源不断,2
源自,2
滑行,2
滞涨,2
满怀,2
满载,2
滥用,2
滨海新区,2
滴答,2
演化,2
演员,2
漠视,2
漩涡,2
潇洒,2
澳新,2
激光,2
濮阳市,2
火中取栗,2
火焰,2
火药味,2
灯具,2
灰度,2
灰色,2
灰霾,2
灵敏,2
灾区,2
炉子,2
炒到,2
炒市,2
炒房者,2
炒楼,2
炒高,2
炙手可热,2
炮轰,2
点半,2
点及,2
点子,2
点开,2
点破,2
炼焦煤,2
炼钢,2
烘干,2
烤肉,2
热卖,2
热点话题,2
热能,2
热血,2
热衷于,2
热词,2
热钱,2
热闹非凡,2
烯烃,2
烷烃,2
焕发,2
焦灼,2
煤炭行业,2
煤电,2
照明用,2
熄火,2
熊股,2
燃煤,2
爆点,2
爬行,2
爱基,2
爱好,2
爱建,2
片剂,2
版面,2
牙科,2
物流园,2
物种,2
物美,2
牵挂,2
特制,2
特区,2
特意,2
特有,2
特立独行,2
特等,2
特等奖,2
特聘,2
特色化,2
特蕾莎梅,2
特钢,2
特雷莎,2
特需,2
牺牲,2
犯罪事实,2
犯罪活动,2
犯过,2
犯错误,2
犹在,2
狂欢,2
狙击,2
独创,2
独生子女,2
独领风骚,2
猎户座,2
猎手,2
猎杀,2
王一鸣,2
王俊,2
王晓易,2
王治强,2
王石,2
玩玩,2
玩转,2
环境友好,2
环境效益,2
环境质量,2
环渤海,2
环球网,2
环线,2
现代人,2
现实生活,2
现行标准,2
现钞,2
玻璃纤维,2
珍惜,2
班子,2
班长,2
理事长,2
瓦斯,2
瓦解,2
甄别,2
生产厂家,2
生产国,2
生日,2
生活品质,2
生活圈,2
生物学,2
生病,2
用人单位,2
用力,2
用时,2
用词,2
用语,2
用钢,2
申请者,2
电力系统,2
电子公告,2
电子系统,2
电容,2
电建,2
电影院线,2
电气设备,2
电灯,2
电瓶,2
电磁阀,2
电镀,2
男性,2
界限,2
留不住,2
留多,2
留守,2
留白,2
疏散,2
疾控中心,2
病情,2
病菌,2
痕迹,2
痛快,2
登记费,2
登顶,2
白名单,2
白热化,2
白狼,2
白菜价,2
白金,2
百色,2
百货业,2
百货店,2
的士,2
皮肤,2
盈亏自负,2
益民,2
盐改,2
监督机制,2
监管部,2
盒马,2
盘子,2
盛宝,2
盯住,2
盯盘,2
直击,2
直指,2
直排,2
直逼,2
相当可观,2
相连,2
相遇,2
相隔,2
盾安,2
省区市,2
省界,2
省直,2
看不下去,2
看做,2
看得懂,2
看望,2
看清楚,2
看至,2
看错,2
看高,2
真假,2
真经,2
真谛,2
眼看,2
着眼,2
督察,2
知心,2
知情权,2
知识点,2
短命,2
短空,2
短线交易,2
石河子,2
石油价格,2
石膏板,2
砍掉,2
研究局,2
破万,2
破坏性,2
破损,2
硕果累累,2
硫含量,2
硬件平台,2
硬着陆,2
硬脱,2
硬骨头,2
确诊,2
碾压,2
磨砺,2
磨练,2
示范园区,2
礼品,2
礼服,2
礼物,2
社会主义,2
社会保险,2
社会化,2
社会福利,2
社区化,2
社厅,2
社论,2
神经外科,2
禁运,2
福田,2
福祉,2
离合,2
离谱,2
禽类,2
私刻,2
私自,2
种苗,2
种鸡,2
科恒,2
科技型,2
秘籍,2
秘诀,2
积聚,2
称呼,2
称得上,2
移动用户,2
稀土,2
稀里,2
程序化,2
程式,2
税制,2
税收收入,2
稳中有降,2
稳住,2
稳字,2
稳扎稳打,2
稻米,2
稻香,2
空地,2
空心化,2
空港,2
空管,2
空置率,2
穿行,2
穿越,2
窝点,2
站长,2
竞技,2
童年,2
童装,2
竭尽全力,2
笔记本电脑,2
第一份,2
第一线,2
第七次,2
第三名,2
第三天,2
第三家,2
第三年,2
第三梯队,2
第三款,2
第二季,2
第二家,2
第五十,2
第八届,2
第十一届,2
第十条,2
第四方,2
等同于,2
答卷,2
答应,2
签下,2
签发,2
签后,2
签证,2
简历,2
简史,2
简政放权,2
简要,2
算下来,2
算账,2
管理权限,2
箫雨,2
箭头,2
类目,2
类股,2
籽棉,2
粗放式,2
粗略,2
粗钢,2
粘胶,2
粤北,2
粮源,2
精挑细选,2
精湛,2
精益,2
精算,2
系为,2
系列报道,2
系数,2
系统集成,2
紊乱,2
索罗斯,2
紧凑型,2
紧张状况,2
紧扣,2
紫外线,2
繁琐,2
繁重,2
纠正,2
纠结,2
红军,2
红外,2
红米,2
红绿,2
纤维化,2
纤维板,2
纪律,2
纬度,2
纯碱,2
纲领性,2
纸箱,2
纸质,2
纹丝不动,2
纽带,2
纽约时报,2
练兵,2
组分,2
细小,2
细微,2
终点站,2
终端产品,2
终端用户,2
绍兴市,2
经济区,2
经济师,2
经济总量,2
经济腾飞,2
经济衰退,2
经管,2
经贸关系,2
经验教训,2
结合实际,2
结合点,2
结尾,2
结汇,2
结语,2
绝望,2
统一标准,2
继续下去,2
继续前进,2
绩优股,2
维系,2
综上,2
综合型,2
综述,2
绽放,2
绿光,2
缓冲期,2
缓跌,2
编组,2
编者按,2
缘于,2
缝合,2
网于,2
网传,2
网络营销,2
罗牛山,2
罗生门,2
罗莱,2
罚息,2
罚没,2
罪魁祸首,2
羊城晚报,2
美兰,2
美化,2
美味,2
美国劳工部,2
美国司法部,2
美国硅谷,2
美容,2
美容院,2
美敦力,2
美菜,2
美食,2
羽绒服,2
翅膀,2
翩翩起舞,2
翻开,2
老兵,2
老外,2
老房子,2
老旧,2
考勤,2
而前,2
耐受性,2
耐火,2
耐药,2
耗时,2
耗煤,2
耽误,2
聆听,2
聊天,2
职员,2
职权,2
职级,2
联发,2
联商,2
联席会议,2
联络,2
聚力,2
肉制品,2
肌肉,2
肖捷,2
股及,2
股史,2
股将,2
股是,2
股有,2
股神,2
股等,2
股里,2
肥沃,2
肯塔基州,2
胖子,2
胜地,2
胜选,2
胶合板,2
脆弱性,2
脱困,2
脱媒,2
脱钩,2
脸部,2
腐败问题,2
腰斩,2
腹地,2
腾挪,2
腾飞,2
自不必说,2
自产,2
自动播放,2
自动识别,2
自学,2
自律性,2
自控,2
自日,2
自用,2
自由化,2
自给,2
臭气,2
至前,2
至极,2
至死,2
致病性,2
舍弃,2
舒适性,2
航天,2
航母,2
航空母舰,2
航行,2
航运,2
船舶,2
良知,2
艰苦,2
艳羡,2
艺术家,2
艾瑞,2
节节,2
芜湖,2
芯片级,2
花都,2
若能,2
英国伦敦,2
英国政府,2
英里,2
茵曼,2
茶叶,2
荆州,2
草原,2
草根,2
荒野,2
荣盛,2
荣耀,2
药剂,2
荷包,2
荷花,2
莱姆,2
莱蒙,2
获准,2
获奖,2
获救,2
获省,2
营建,2
萧条,2
落定,2
落差,2
落泪,2
蒲式耳,2
蓝丰,2
蓬勃,2
蔗糖,2
蕴含着,2
藏家,2
虎将,2
蜂蜜,2
蝶阀,2
螺丝,2
螺母,2
螺纹钢,2
蠢蠢欲动,2
血液,2
行会,2
行政拘留,2
行政诉讼,2
行政部门,2
衣服,2
衣物,2
补空,2
补齐,2
表象,2
袁仁国,2
袋子,2
被装,2
被选为,2
裁判,2
装在,2
装船,2
装载,2
装运,2
裸泳,2
裸眼,2
褐煤,2
西欧,2
西气东,2
西站,2
西街,2
西装,2
西雅,2
要收,2
要来,2
要用,2
覆盖面,2
见成效,2
见面会,2
观察者,2
观影,2
规划设计,2
规管,2
视作,2
觉醒,2
解体,2
解密,2
解放路,2
解救,2
解散,2
解码,2
解脱,2
触达,2
计生,2
计票,2
计税,2
计费,2
订单式,2
订货,2
订购,2
认真落实,2
让你在,2
讲完,2
讲究,2
许家,2
许昆林,2
许诺,2
论述,2
评出,2
评论员,2
词语,2
试金石,2
试验田,2
该车,2
该院,2
诫勉,2
误导,2
误解,2
诱发,2
诱惑,2
诱空,2
说出,2
说实话,2
说服,2
说服力,2
说起,2
请来,2
请问,2
诺言,2
诺贝尔奖,2
调任,2
调侃,2
调入,2
调坯,2
调查组,2
调查结果,2
调节阀,2
谈谈,2
谣言,2
豆浆,2
貌似,2
贝网,2
负压,2
负面效应,2
财产损失,2
财政支出,2
财政部长,2
财源,2
责任人,2
责任人员,2
败下阵来,2
货款,2
货站,2
货量,2
质量保证,2
贪婪,2
购车,2
贯通,2
贴合,2
贴身,2
贵重物品,2
贷网,2
贸工部,2
贸易壁垒,2
贸易规模,2
贸易逆差,2
贸易额,2
资历,2
资本化,2
资本论,2
资格证,2
资费,2
资金投入,2
资金流,2
资金运用,2
赛跑,2
赛马,2
赞助,2
赠送,2
赢利点,2
走俏,2
走得快,2
走稳,2
走红,2
走马上任,2
赵庆明,2
赶到,2
赶往,2
赶快,2
赶紧,2
赶走,2
起于,2
起以,2
起底,2
起源,2
起码,2
起舞,2
超前,2
超大,2
越做越,2
越快越好,2
越来越近,2
越近,2
越野车,2
趋于稳定,2
趋冷,2
趣味,2
足迹,2
跃升,2
跃居,2
跃跃欲试,2
跌入,2
跌穿,2
跨城,2
跨平台,2
路在何方,2
路边,2
路面,2
跳舞,2
跳跃,2
跳过,2
跳高,2
跷跷板,2
踏入,2
踏准,2
身价,2
身家,2
身着,2
车企中,2
车位,2
车况,2
车厂,2
车商,2
车架,2
车灯,2
车距,2
车速,2
车顶,2
轩然大波,2
转化率,2
转子,2
转折点,2
转播权,2
转机,2
转眼,2
轮换,2
轮番,2
软肋,2
轰轰烈烈,2
轰鸣,2
轻工,2
轻度,2
轻重,2
轻量级,2
载人,2
载客量,2
载明,2
载有,2
载重量,2
较劲,2
较广,2
较晚,2
较长时间,2
辅酶,2
辆车,2
输出国,2
输血,2
辖下,2
边境,2
达芬奇,2
迁入,2
迁出,2
过个,2
过低,2
过境,2
过得,2
过早,2
过节,2
过重,2
过量,2
迎难而上,2
运行图,2
运通,2
近一年来,2
近几个月,2
返租,2
还远,2
这一波,2
这三大,2
这三家,2
这事,2
这年头,2
这座,2
这要,2
进京,2
进气,2
进港,2
进货,2
远不止,2
连发,2
连增,2
连平,2
连廊,2
连接器,2
连环,2
连贯,2
连阴,2
迟早会,2
迟缓,2
迫切需要,2
迷失,2
迷路,2
追寻,2
追溯到,2
追责,2
追随,2
退却,2
适逢,2
逃税,2
逃避,2
逆袭,2
选中,2
选到,2
选择性,2
选民,2
选自,2
逍客,2
透视,2
逐日,2
逐步形成,2
递增,2
途中,2
通俗,2
通函,2
通向,2
通州,2
通报批评,2
通用型,2
通用汽车,2
通病,2
通称,2
通等,2
通话,2
造价,2
造福,2
造福人类,2
造纸,2
造血,2
逼迫,2
遍布全国,2
道德风险,2
遥感,2
遥遥领先,2
遮挡,2
那种,2
邯郸,2
邻近,2
郑刚,2
部份,2
部长级,2
部队,2
都江堰,2
鄂尔多斯市,2
配料,2
配有,2
配齐,2
酒店业,2
酒店式,2
酒精,2
酸性,2
酸蓄电池,2
醒来,2
采写,2
采取措施,2
采取有效,2
采取行动,2
采摘,2
采暖,2
采棉,2
采选,2
释然,2
释迦牟尼,2
里斯本,2
重任,2
重创,2
重工,2
重庆百货,2
重归,2
重提,2
重生,2
重要依据,2
重金,2
重镇,2
量刑,2
量身,2
金亚,2
金字招牌,2
金安,2
金库,2
金投网,2
金湾,2
金莎,2
金融交易,2
金融街,2
金路,2
金钱,2
钢结构,2
钢网,2
钢铁网,2
钢铁集团,2
钱袋,2
钻孔,2
铁矿,2
铜价,2
铭记,2
银保,2
银发,2
银川,2
银湖,2
银色,2
销售市场,2
锁仓,2
锁紧,2
锂电池,2
锋芒,2
错综复杂,2
锚定,2
锤子,2
锦城,2
锻造,2
镜像,2
镜子,2
长久之计,2
长安,2
长期趋势,2
长达,2
长途,2
门口,2
门窗,2
门诊,2
门路,2
闪崩,2
问世,2
问到,2
问责,2
阀体,2
队列,2
防守,2
防洪,2
防爆,2
阳光化,2
阳台,2
阴影,2
阵势,2
阵地,2
阵线,2
阿克苏,2
阿尔及利亚,2
阿拉山口,2
阿斯,2
阿肯色州,2
附带,2
附录,2
附注,2
附着,2
陆上,2
降噪,2
降税,2
院子,2
除夕,2
险种,2
陪同,2
随之而来,2
随便,2
随用,2
随身,2
隔离墙,2
难产,2
难以为继,2
难以置信,2
难受,2
难忘,2
难涨,2
难见,2
难觅,2
难言,2
难阻,2
雄踞,2
雅诗兰黛,2
集散,2
集约,2
雨润,2
雪上加霜,2
雪山,2
零壹,2
零头,2
零排放,2
零距离,2
零首付,2
需在,2
需求预测,2
需注意,2
需要的话,2
霸主,2
青壮年,2
青蛙,2
非传统,2
非常复杂,2
非核心,2
非正式,2
非议,2
面世,2
面市,2
鞍重,2
韩中,2
项俊波,2
顺心,2
顾地,2
顾问团,2
颁奖典礼,2
预备,2
预收,2
预料到,2
预览,2
预设,2
领到,2
领域专家,2
领导力,2
领导班子,2
风中,2
风光,2
风口浪尖,2
风吹草动,2
风景,2
风来,2
风量,2
风靡,2
飞凡,2
飞船,2
飞速,2
飞速发展,2
食品标签,2
食品药品,2
食宿费,2
食药监,2
餐厅,2
餐饮店,2
饭否,2
饭局,2
饱受,2
饱含,2
饺子,2
馅饼,2
馒头,2
首付款,2
首套,2
首尔,2
首推,2
首秀,2
香港联交所,2
马光远,2
马化腾,2
马拉松赛,2
驶往,2
驾控,2
骁龙,2
骄傲,2
高冷,2
高发,2
高大,2
高德,2
高性价比,2
高成长性,2
高手,2
高标,2
高淳,2
高素质,2
高超,2
高速铁路,2
高附加值,2
高鸿,2
魔幻,2
魔镜,2
鱼龙混杂,2
鲁能,2
鲜明对比,2
鲜有,2
鲜花,2
鹿港,2
麸皮,2
黄红云,2
黄页,2
黏性,2
黑名单,2
黑海,2
黑盒子,2
黑豹,2
默契,2
龙星,2
aad,1
abn,1
aca,1
ace,1
actor,1
adas,1
adc,1
addfavorite,1
addthis,1
ade,1
ads,1
aed,1
afa,1
afc,1
alphago,1
amg,1
analytics,1
apex,1
applewatch,1
ascend,1
asco,1
asia,1
asic,1
asset,1
assistant,1
atl,1
audio,1
azure,1
back,1
bae,1
bain,1
baker,1
bci,1
bee,1
benz,1
bfc,1
bfd,1
bidu,1
bike,1
bioon,1
bk,1
bmw,1
boo,1
book,1
bordercolor,1
boss,1
brt,1
bt,1
cad,1
card,1
carl,1
case,1
cbre,1
ccd,1
cef,1
chang,1
chris,1
citic,1
cl,1
clearfix,1
cme,1
cnf,1
cns,1
coco,1
cof,1
commerzbank,1
committee,1
cont,1
coo,1
copytoclipboard,1
cot,1
country,1
cross,1
csa,1
csp,1
cta,1
daodu,1
david,1
dbd,1
dcm,1
dcs,1
ddf,1
dean,1
digi,1
diy,1
dji,1
dlp,1
dm,1
dn,1
dock,1
doi,1
dot,1
doug,1
dow,1
drive,1
dynamics,1
eba,1
eca,1
edwards,1
eed,1
efa,1
electric,1
ems,1
end,1
erp,1
eu,1
evans,1
evolution,1
external,1
faf,1
fav,1
fba,1
fcksavedurl,1
fdb,1
fedex,1
fef,1
ficc,1
field,1
financeapp,1
fitbit,1
flipkart,1
fob,1
forward,1
fta,1
ftse,1
geek,1
gen,1
gl,1
goback,1
gplpcn,1
gpp,1
gqy,1
gu,1
hatzius,1
hbo,1
hdr,1
health,1
holding,1
hong,1
hub,1
hughes,1
huxiu,1
ibc,1
icahn,1
icloud,1
idg,1
ifa,1
ifs,1
ig,1
imarkets,1
img,1
imm,1
infinity,1
ing,1
international,1
io,1
iot,1
iv,1
jan,1
jd,1
jean,1
jeffrey,1
jianjie,1
jim,1
jones,1
joshua,1
julian,1
juniper,1
ka,1
karl,1
kathy,1
kb,1
kejixun,1
kim,1
kinect,1
kitty,1
kong,1
ktv,1
lacker,1
land,1
lb,1
lc,1
lien,1
life,1
location,1
low,1
lv,1
lvmh,1
lyft,1
made,1
magic,1
mah,1
makerequest,1
maps,1
mark,1
market,1
marshall,1
matthew,1
mbb,1
mbps,1
mcepagebreak,1
member,1
mes,1
mf,1
monetary,1
moto,1
muji,1
music,1
mwc,1
na,1
namespace,1
net,1
nhk,1
nickname,1
nissan,1
novo,1
nox,1
nvh,1
nymex,1
ocr,1
ofweek,1
oi,1
ois,1
omx,1
otc,1
oy,1
party,1
paul,1
pccp,1
peak,1
ph,1
phillips,1
pin,1
pitchbook,1
playstation,1
plug,1
police,1
prefix,1
prev,1
products,1
qs,1
rav,1
rbc,1
reltitle,1
ren,1
reserved,1
richard,1
rio,1
rm,1
road,1
russell,1
ryan,1
sam,1
san,1
santa,1
sap,1
sat,1
scott,1
securities,1
ship,1
shownewslist,1
sig,1
signature,1
silicon,1
sinachuangshiji,1
sinaminiblog,1
sip,1
siri,1
site,1
skp,1
sku,1
skype,1
slogan,1
snap,1
snapchat,1
spa,1
spdr,1
spectre,1
sq,1
sqq,1
star,1
states,1
station,1
steven,1
strategy,1
systems,1
tab,1
tag,1
tan,1
tax,1
tay,1
tcp,1
tech,1
technology,1
teck,1
tf,1
thing,1
tim,1
titdd,1
tizen,1
total,1
tour,1
town,1
trade,1
tsx,1
tu,1
ubs,1
united,1
uv,1
valley,1
vision,1
vp,1
ward,1
wave,1
wealth,1
west,1
whzl,1
world,1
wt,1
xi,1
young,1
yves,1
zoe,1
zx,1
一一,1
一万亿美元,1
一万元,1
一万块,1
一万家,1
一不小心,1
一两个,1
一两周,1
一两年,1
一主,1
一书,1
一买,1
一二,1
一些则,1
一任,1
一众,1
一体式,1
一例,1
一侧,1
一再表示,1
一出,1
一分钟,1
一切都在,1
一到,1
一加,1
一千万,1
一千亿,1
一卖,1
一厂,1
一去不复返,1
一发,1
一口价,1
一听,1
一员,1
一回,1
一头,1
一头雾水,1
一家人,1
一家子,1
一小部分,1
一幕,1
一应俱全,1
一成,1
一户,1
一扫,1
一挥,1
一提,1
一搏,1
一改,1
一整套,1
一无所获,1
一本,1
一档,1
一桩,1
一桶,1
一概,1
一模一样,1
一次次,1
一步之遥,1
一步到位,1
一氧化碳,1
一滴水,1
一版,1
一百万,1
一百多,1
一百年,1
一盘棋,1
一睹,1
一矿,1
一碗,1
一票否决,1
一程,1
一空,1
一窝蜂,1
一站,1
一笑,1
一等,1
一经,1
一致意见,1
一袋,1
一角,1
一触即发,1
一说,1
一谈,1
一财网,1
一账,1
一跌,1
一蹴而就,1
一身,1
一辈子,1
一遇,1
一金,1
一针见血,1
一长,1
一问,1
一隅,1
一飞冲天,1
一马平川,1
一鼓作气,1
七五,1
七夕节,1
七天,1
七家,1
七条,1
万万,1
万万不能,1
万丰,1
万余,1
万余名,1
万倍,1
万分,1
万分之一,1
万到,1
万千米,1
万单,1
万吨级,1
万块,1
万多,1
万多亿,1
万多名,1
万宁,1
万安,1
万州区,1
万左右,1
万平方,1
万幸,1
万度,1
万泽,1
万润,1
万福,1
万美金,1
万至,1
万辆次,1
万通,1
万邦,1
万里长征,1
万量,1
万锭,1
万韩元,1
丈夫,1
三代,1
三优,1
三会,1
三位一体,1
三分,1
三则,1
三剑客,1
三北,1
三十多年,1
三十年,1
三句话,1
三台,1
三四个,1
三四年,1
三围,1
三届,1
三峡水库,1
三废,1
三座大山,1
三张,1
三思,1
三成,1
三招,1
三旧,1
三星电子,1
三星集团,1
三月份,1
三架,1
三桶,1
三棵树,1
三河,1
三流,1
三湘,1
三环,1
三百万,1
三相,1
三箭,1
三聚,1
三角洲,1
三起,1
三足鼎立,1
三轮,1
三轴,1
三连阴,1
三部曲,1
上万,1
上下班,1
上下行,1
上中旬,1
上仅,1
上以,1
上会,1
上千亿,1
上升幅度,1
上半,1
上周二,1
上周日,1
上天,1
上学,1
上届,1
上岗,1
上岸,1
上开,1
上当,1
上月底,1
上海交通大学,1
上海地区,1
上海大众,1
上班族,1
上班时间,1
上百,1
上百万,1
上端,1
上能,1
上诉,1
上课,1
上量,1
上风,1
上马,1
下不来,1
下会,1
下修,1
下压,1
下大,1
下大力气,1
下定决心,1
下属单位,1
下岗,1
下文,1
下有,1
下本,1
下沙,1
下注,1
下测,1
下级,1
下设,1
下车,1
下轮,1
下辖,1
不上,1
不为人知,1
不了了之,1
不争,1
不二,1
不亚于,1
不亮,1
不低,1
不便,1
不值一提,1
不具,1
不出意外,1
不划算,1
不动,1
不可同日而语,1
不可思议,1
不可抗力,1
不在乎,1
不均,1
不堪,1
不增,1
不多,1
不多见,1
不太会,1
不太多,1
不失,1
不如意,1
不实,1
不容,1
不容忽视,1
不差,1
不强,1
不怎么,1
不惜代价,1
不折不扣,1
不拘一格,1
不接,1
不放,1
不断涌现,1
不晚,1
不景气,1
不曾,1
不死鸟,1
不求,1
不济,1
不淡,1
不深,1
不清,1
不甘,1
不甘寂寞,1
不相上下,1
不知所措,1
不禁,1
不空,1
不绝于耳,1
不肯,1
不能不,1
不能容忍,1
不设,1
不该,1
不说,1
不谈,1
不谋而合,1
不负,1
不负众望,1
不负责任,1
不起,1
不辱使命,1
不适,1
不遗余力,1
不长,1
不间断,1
不降反升,1
与众不同,1
与日俱增,1
与时俱进,1
丑陋,1
专业性,1
专业术语,1
专业知识,1
专为,1
专享,1
专列,1
专利申请,1
专区,1
专卖店,1
专场,1
专家学者,1
专心,1
专有,1
专柜,1
专案组,1
专职,1
专营店,1
专著,1
专长,1
专门从事,1
专门店,1
专项规划,1
且不论,1
且量,1
世博会,1
世界冠军,1
世界杯,1
世贸组织,1
世邦,1
世间,1
业余,1
业务主管,1
业务员,1
业务管理,1
业务经理,1
业务联系,1
业务部,1
业协会,1
业在,1
业外,1
业绩考核,1
丛生,1
东京证券交易所,1
东侧,1
东兴,1
东到,1
东北三省,1
东北亚,1
东大,1
东安动力,1
东方网,1
东段,1
东江,1
东街,1
东起,1
东风公司,1
东风汽车,1
丝毫,1
两万,1
两万元,1
两三千,1
两代,1
两件事,1
两党,1
两分钟,1
两到,1
两千多,1
两单,1
两句话,1
两只手,1
两场,1
两字,1
两层,1
两张,1
两张皮,1
两方,1
两月,1
两期,1
两条线,1
两条腿走,1
两极分化,1
两枚,1
两步,1
两段,1
两百,1
两站,1
两笔,1
两级,1
两节,1
两连阴,1
两道,1
两间,1
严加,1
严密,1
严格执法,1
严重不足,1
严防,1
个人消费,1
个人用户,1
个体经营者,1
个别人,1
个券,1
个头,1
个子,1
个市,1
个月期,1
个险,1
中一,1
中上游,1
中下旬,1
中东欧,1
中东部,1
中亚国家,1
中产阶层,1
中企,1
中信集团,1
中共党员,1
中化,1
中医药大学,1
中华人民共和国海关,1
中印,1
中厚板,1
中国专利,1
中国台湾,1
中国国情,1
中国外汇交易中心,1
中国工程院,1
中国海洋石油总公司,1
中国消费者协会,1
中国移动,1
中国联通,1
中国长城资产管理公司,1
中国青年报,1
中场,1
中央文件,1
中央日报,1
中央民族大学,1
中央气象台,1
中央空调,1
中央级,1
中央财政,1
中宣部,1
中小学,1
中应,1
中庸,1
中弘,1
中心站,1
中心线,1
中怡康,1
中所,1
中捷,1
中排,1
中旗,1
中日韩,1
中本聪,1
中枢神经,1
中植,1
中民,1
中油,1
中泰,1
中流砥柱,1
中海油,1
中消协,1
中渝置,1
中牧,1
中用,1
中登,1
中百,1
中看,1
中等水平,1
中策,1
中美关系,1
中美洲,1
中芯,1
中英两国,1
中英文,1
中药饮片,1
中获,1
中西,1
中西药,1
中质,1
中资银行,1
中轴,1
中远期,1
中途,1
中重型,1
中长途,1
中间业务,1
中间人,1
中间体,1
中骏,1
中高级,1
丰业,1
丰产,1
丰南区,1
丰城,1
丰水期,1
丰润,1
临危受命,1
临客,1
临床医学,1
临床实验,1
临江,1
丹凤,1
丹参,1
丹阳,1
为先,1
为农,1
为功,1
为啥,1
为国,1
为数,1
为数不多,1
为时已晚,1
为生,1
为难,1
主产,1
主产品,1
主动力,1
主场,1
主干路,1
主干道,1
主持会议,1
主推,1
主机厂,1
主流产品,1
主港,1
主演,1
主犯,1
主笔,1
主要矛盾,1
主频,1
主题词,1
丽星,1
丽珠集团,1
举一反三,1
举世瞩目,1
举例来说,1
举债,1
举报中心,1
举足轻重,1
乃是,1
久久,1
久之,1
久利,1
久违,1
义不容辞,1
义乌市,1
之义,1
之位,1
之余,1
之地,1
之城,1
之始,1
之宝,1
之差,1
之忧,1
之患,1
之意,1
之手,1
之时,1
之梦,1
之母,1
之父,1
之称,1
之美,1
之苦,1
之计,1
之谜,1
之责,1
乐享,1
乐普,1
乐视云,1
乐通,1
乔布斯,1
乘势,1
乘员,1
乘数,1
乘胜追击,1
乙二醇,1
乙类,1
九五,1
九华,1
九周,1
九家,1
九成,1
九月份,1
九条,1
九连,1
九项,1
书写,1
书架,1
书籍,1
买下,1
买力,1
买回来,1
买票,1
乱世,1
乳腺癌,1
争先恐后,1
争分夺秒,1
争创,1
争当,1
争论不休,1
争霸,1
事务局,1
事半功倍,1
事发,1
事实证明,1
事故率,1
事是,1
事权,1
事物,1
事隔,1
二三,1
二代,1
二分之一,1
二十,1
二十大,1
二十天,1
二号,1
二套,1
二字,1
二条,1
二次开发,1
二次污染,1
二环,1
二类,1
于云,1
于今,1
于平,1
于本周,1
于近,1
亏损额,1
云上,1
云仓,1
云南旅游,1
云南昆明,1
云启,1
云栖,1
云知声,1
云鸟,1
互为,1
互保,1
互信,1
互助,1
互换,1
互补性,1
五位一体,1
五倍,1
五八,1
五区,1
五千年,1
五名,1
五周,1
五大类,1
五天,1
五成,1
五日,1
五朵,1
五种,1
五级,1
五股,1
五车,1
五问,1
亚平,1
亚洲开发银行,1
亚玛顿,1
亚裔,1
交上,1
交个,1
交互方式,1
交学费,1
交换机,1
交易会,1
交易规则,1
交汇,1
交汇点,1
交税,1
交管局,1
交管部门,1
交警部门,1
交谈,1
交车,1
交通安全,1
交通系统,1
交通部长,1
交通部门,1
交锋,1
交集,1
产业基地,1
产业带,1
产品产量,1
产品检验,1
产品部,1
产权证,1
产物,1
产量比,1
产险,1
亩产,1
享誉,1
京冀,1
京台,1
京哈,1
京城,1
京基,1
京新,1
京昆,1
京港,1
京藏,1
京都,1
亮度,1
亲人,1
亲历,1
亲密,1
亲手,1
亲近,1
人买,1
人以,1
人前,1
人口密度,1
人口数量,1
人员伤亡,1
人因,1
人少,1
人张,1
人情,1
人想,1
人才资源,1
人来,1
人民大学,1
人民政协,1
人民网,1
人脑,1
人身安全,1
人造,1
亿万富豪,1
亿及,1
亿后,1
亿在,1
亿头,1
亿定,1
亿左右,1
亿平,1
亿张,1
亿桶,1
亿次,1
亿比索,1
亿瑞郎,1
亿米,1
亿美,1
亿航,1
亿达,1
亿非,1
亿颗,1
仁济,1
仅会,1
仅能,1
今冬明春,1
今天上午,1
今年初,1
今年春节,1
今明两年,1
今晨,1
仍以,1
仍低,1
仍待,1
仍有,1
仍涨,1
仍能,1
仍高达,1
从严处理,1
从价,1
从何,1
从国,1
从大,1
从天,1
从宽,1
从小,1
从技术上,1
从政,1
从无到有,1
从早到晚,1
从零开始,1
仓促,1
仓储业,1
仓配,1
他称,1
付给,1
仙坛,1
代为,1
代工厂,1
代市长,1
代购,1
代销,1
令人兴奋,1
令人吃惊,1
令人困惑,1
令人堪忧,1
令人惊叹,1
令人担忧,1
以下几点,1
以中,1
以云,1
以全,1
以利,1
以北,1
以太网,1
以实盘,1
以新,1
以有,1
以次充好,1
以涨,1
以物,1
以超,1
以轻,1
以较,1
以退为进,1
以量,1
以高,1
仪器,1
仪等,1
仰望,1
价值体系,1
价均,1
价将,1
价格低,1
价格合理,1
价格政策,1
价格昂贵,1
价涨量,1
价钱,1
价高,1
任何理由,1
任免,1
任地,1
任子行,1
任性,1
仿真,1
企业库,1
企业法人,1
企业财务,1
企在,1
企将,1
伊尔,1
伊斯兰,1
伊莱克斯,1
伊隆,1
休养生息,1
休闲类,1
众升,1
众议院,1
优先权,1
优品,1
优惠期,1
优步,1
优秀青年,1
优胜,1
优胜劣汰,1
优良传统,1
优质服务,1
优越性,1
优配,1
优酷,1
会先,1
会因,1
会有,1
会涨,1
会花,1
会长,1
传动,1
传动系统,1
传开,1
传感,1
传授,1
传染,1
传染病,1
传祺,1
传给,1
传统节日,1
传花,1
传输技术,1
传闻中,1
伤亡,1
伤口,1
伤心,1
伤痛,1
伦交所,1
伦敦证券交易所,1
伦理,1
伦铜,1
伯克,1
估价,1
伸到,1
伺服,1
伺机而动,1
位后,1
位高管,1
低到,1
低压,1
低开近,1
低息,1
低效,1
低效率,1
低浓度,1
低约,1
低见,1
低质,1
低速,1
低配,1
低频,1
住建,1
住户,1
住院治疗,1
住院费用,1
体彩,1
体温,1
体系结构,1
体育中心,1
体育场,1
体重,1
何为,1
何必,1
何方,1
何止,1
余万,1
余亩,1
余人,1
余年,1
余辆,1
佛罗里达州,1
佛陀,1
作出贡献,1
作对,1
作弊,1
作法,1
作物,1
作用力,1
作祟,1
作证,1
你中有我,1
你家,1
佩戴,1
佩服,1
佳丽,1
佳士,1
佳电,1
佳绩,1
佼佼者,1
使出,1
使命感,1
使用寿命,1
使用费,1
使能,1
例证,1
供地,1
供应国,1
供气,1
供求平衡,1
供电系统,1
供销,1
依法处理,1
依法治理,1
依赖度,1
依赖性,1
依顿,1
侧边,1
侧重点,1
侵权行为,1
便利性,1
便民,1
便民服务,1
促发,1
促进作用,1
俄总统,1
俄罗斯卢布,1
俗话,1
保价,1
保健品,1
保健食品,1
保全,1
保壳,1
保息,1
保持一致,1
保持联系,1
保持良好,1
保持警惕,1
保有,1
保温材料,1
保证书,1
保险单,1
保险合同,1
保险杠,1
保险柜,1
保障体系,1
保障性,1
保障机制,1
信义,1
信任度,1
信使,1
信息处理,1
信息安全,1
信息工程,1
信息管理,1
信息网络,1
信息部,1
信息量,1
信托投资,1
信用贷款,1
信通,1
信隆,1
修护,1
修补,1
修路,1
俯冲,1
倒下,1
倒卖,1
倒推,1
倒腾,1
倒贴,1
倒车,1
倒转,1
候车,1
借入,1
借力,1
借口,1
借机,1
借给,1
倡导者,1
债务人,1
债等,1
值得反思,1
值钱,1
倾泻,1
倾销,1
假以时日,1
假冒,1
假定,1
假象,1
假货,1
偏下,1
偏于,1
偏执,1
偏涨,1
做个,1
做优,1
做受,1
做错,1
停建,1
停损,1
停掉,1
停收,1
停机,1
停止使用,1
停火,1
停火协议,1
停炉,1
停运,1
停靠,1
停顿,1
停驶,1
健体,1
健康成长,1
健康检查,1
健康证,1
偶像,1
偶遇,1
傅盛,1
傍身,1
储备库,1
储备粮,1
储存量,1
储物柜,1
傲人,1
儿女,1
儿子,1
元创,1
元到,1
元器件,1
元旦节,1
元计,1
元降,1
充分准备,1
充分反映,1
充分肯定,1
充分认识,1
充分调动,1
充分运用,1
充气,1
充沛,1
充满信心,1
充满活力,1
充电站,1
充站,1
先上,1
先人,1
先导,1
先有,1
先知,1
先给,1
先试,1
先驱,1
光一,1
光场,1
光明网,1
光景,1
光有,1
光电子,1
光看,1
光迅,1
光速,1
光顾,1
克扣,1
克拉玛依,1
克斯,1
免不了,1
免受,1
免收,1
免租,1
免职,1
兑一,1
党内,1
党和政府,1
党支部,1
党政领导,1
党的建设,1
党的领导,1
党组书记,1
党组织,1
兜底,1
入世,1
入华,1
入场费,1
入户,1
入榜,1
入河,1
入狱,1
入秋,1
入职,1
入行,1
入门,1
全会,1
全免费,1
全力以赴,1
全区,1
全周,1
全国上下,1
全国人大,1
全城,1
全域,1
全家,1
全局性,1
全开,1
全志,1
全是,1
全景式,1
全月,1
全流通,1
全然不同,1
全疆,1
全称,1
全系列,1
全线通车,1
全胜,1
全能型,1
全自动,1
全行,1
全触,1
全面实现,1
全高清,1
八五,1
八柱,1
八次,1
八股,1
八项,1
公交公司,1
公交化,1
公元,1
公共交通,1
公共利益,1
公共场所,1
公共安全,1
公共政策,1
公共汽车,1
公共资源,1
公务员,1
公号,1
公司化,1
公司总裁,1
公司总部,1
公司简介,1
公安部门,1
公检,1
公款,1
公款吃喝,1
公测,1
公职人员,1
公路交通,1
公路运输,1
六五,1
六区,1
六合区,1
六周,1
六大类,1
六天,1
六家,1
六折,1
六期,1
六次,1
六连跌,1
六连阴,1
六院,1
共同利益,1
共同完成,1
共同进步,1
共担,1
共拓,1
共线,1
共聚,1
共舞,1
共融,1
关中,1
关中地区,1
关掉,1
关照,1
关系恶化,1
关系紧张,1
关键环节,1
关键部件,1
关键问题,1
兴奋剂,1
兴风作浪,1
兴高采烈,1
兵临城下,1
兵团,1
其为,1
其他人,1
其向,1
其未,1
具体实施,1
具体方法,1
典雅,1
养分,1
养命,1
养殖场,1
冀中,1
冀凯,1
内为,1
内乱,1
内力,1
内参,1
内因,1
内均,1
内墙,1
内幕消息,1
内政,1
内有,1
内核,1
内耗,1
内衣,1
内资,1
内部结构,1
内销,1
再临,1
再举,1
再也不会,1
再开,1
再放,1
再次出现,1
再破,1
再行,1
再进一步,1
冒险,1
写照,1
写稿,1
军事,1
军用,1
农业产业,1
农业大学,1
农业用地,1
农副产品,1
农林,1
农民收入,1
农贸市场,1
冤家,1
冬奥会,1
冬春季,1
冬至,1
冬虫夏草,1
冰川,1
冰雪,1
冲出,1
冲到,1
冲压件,1
冲抵,1
冲至,1
冲锋陷阵,1
冲高至,1
决不,1
决不能,1
决策层,1
决策程序,1
冷库,1
冷清,1
冷落,1
冷藏,1
净利润率,1
净化系统,1
净含量,1
净多仓,1
净水器,1
准备就绪,1
准点,1
准确度,1
准许,1
凉水,1
凌云,1
减慢,1
减掉,1
减收,1
减退,1
减重,1
减量化,1
凝心,1
几亿,1
几十万,1
几十个,1
几十亿,1
几千,1
几名,1
几块钱,1
几套,1
几座,1
几支,1
几月,1
几条,1
几款,1
几步,1
几经,1
凭着,1
凯基,1
凯投,1
凯莱,1
凯迪拉克,1
凯雷,1
凯龙,1
凶勐,1
凶悍,1
凶险,1
出价,1
出借,1
出入境,1
出其,1
出前,1
出力,1
出去玩,1
出口型,1
出口贸易,1
出尽,1
出师,1
出彩,1
出新规,1
出格,1
出海口,1
出版发行,1
出版社,1
出狱,1
出自,1
出苗,1
出访,1
出资人,1
出轨,1
出钱,1
击中,1
击溃,1
击穿,1
击鼓,1
函时,1
刀刃,1
刀子,1
刀片,1
分一杯羹,1
分不清,1
分外,1
分子生物学,1
分店,1
分拨,1
分摊,1
分散化,1
分数,1
分析方法,1
分清,1
分界线,1
分离式,1
分类管理,1
分组讨论,1
分给,1
分羹,1
分设,1
分诊,1
分道扬镳,1
切勿,1
切忌,1
刊文,1
刑事,1
刑法,1
划入,1
划时代,1
列示,1
列车运行,1
刘云峰,1
刘军,1
刘强,1
刘海,1
刘立,1
刘纪鹏,1
刚到,1
刚过,1
刚过去,1
刚进,1
创事记,1
创作者,1
创力,1
创型,1
创客,1
创意设计,1
创新力,1
创维集团,1
创造条件,1
初中,1
初具,1
初具规模,1
初创期,1
初时,1
初步判断,1
初级,1
初级阶段,1
初见,1
初见成效,1
删减,1
删改,1
判决书,1
判别,1
利华益,1
利器,1
利己,1
利用网络,1
利用自身,1
利空消息,1
别克,1
别提,1
别样,1
刮骨,1
到任,1
制后,1
制对,1
制度化,1
制式,1
制是,1
制胜,1
制药厂,1
制表,1
刷出,1
刷单,1
刷新纪录,1
刺激性,1
削峰,1
前三名,1
前三大,1
前两天,1
前中,1
前任,1
前几日,1
前列腺,1
前卫,1
前天,1
前日,1
前期工作,1
前次,1
前移,1
前要,1
前赴后继,1
前车,1
前须,1
前高,1
剑南春,1
剔出,1
剧变,1
剧情,1
剧集,1
剪彩,1
副产品,1
副驾驶,1
力不从心,1
力压,1
力强,1
力挺,1
力星,1
力气,1
力生,1
劝返,1
办厂,1
功力,1
功能强大,1
功能性,1
功能测试,1
功臣,1
功课,1
加严,1
加以解决,1
加减法,1
加分,1
加工能力,1
加工量,1
加微,1
加推,1
加气,1
加氢,1
加油卡,1
加注,1
加班,1
加班加点,1
加装,1
加速器,1
务工,1
务工人员,1
务必,1
劣币,1
动不动,1
动力源,1
动力系统,1
动点,1
动用,1
动真格的,1
动系统,1
动荡不安,1
动议,1
动辄,1
动量,1
动静,1
助听器,1
助威,1
助您,1
助教,1
助老,1
助跌,1
努力奋斗,1
努力提高,1
励志,1
劲增,1
劳务,1
劳动法,1
劳工部,1
势均力敌,1
勃勃生机,1
勇担,1
勇敢,1
勐增,1
勐药,1
勒庞,1
勾兑,1
勾画,1
勿忘,1
包围,1
包头,1
包打天下,1
包材,1
包销,1
化为,1
化发展,1
化学武器,1
化学纤维,1
化工企业,1
化工行业,1
化已,1
化率,1
化等,1
化纤,1
北京公交,1
北京大学光华管理学院,1
北京晚报,1
北区,1
北半球,1
北方地区,1
北海,1
北漂,1
北特,1
北部湾,1
北风,1
匠心,1
匹兹堡,1
区区,1
区县,1
区委,1
区属,1
区政府,1
医学影像,1
医师,1
医药企业,1
匿名性,1
十七,1
十二,1
十二月份,1
十五,1
十五个,1
十五年,1
十人,1
十亿美元,1
十余只,1
十倍,1
十几万,1
十几个,1
十几元,1
十几家,1
十分之一,1
十分重视,1
十周年,1
十四年,1
十多个,1
十多家,1
十家,1
十月份,1
十来,1
十次,1
千万条,1
千呼万唤,1
千家,1
千方百计,1
千百,1
千禧,1
千辆,1
升任,1
升得,1
升龙,1
午夜,1
半内,1
半径,1
半成,1
半数,1
半段,1
半点,1
华人,1
华创,1
华域,1
华天,1
华宏,1
华实业,1
华强北,1
华意,1
华星,1
华晨,1
华林,1
华电,1
华福,1
华锐,1
华鲁,1
华龙网,1
协同工作,1
协和医院,1
协鑫,1
卓尔,1
卓然,1
单一化,1
单件,1
单位名单,1
单兵,1
单单,1
单反,1
单反相机,1
单只,1
单向,1
单户,1
单打独斗,1
单据,1
单点,1
单片,1
单班,1
单笔,1
单项,1
卖不动,1
卖不掉,1
卖力,1
卖压,1
卖得,1
卖掉,1
卖难,1
南京市,1
南北方,1
南半球,1
南向,1
南城,1
南平市,1
南昌市,1
南极,1
南段,1
南水北调,1
南江,1
南瓜,1
南疆,1
南站,1
南辕北辙,1
博取,1
博彦,1
博得,1
博瑞,1
占压,1
占多数,1
卡友,1
卡梅伦,1
卡通,1
卢布,1
卧底,1
卫生院,1
印染,1
印花,1
印花税,1
危害性,1
危废,1
危机感,1
危机重重,1
危言耸听,1
危重,1
危险品,1
却成,1
却说,1
卸任,1
卸货,1
厂内,1
厂商会,1
厅长,1
历代,1
历历在目,1
历史数据,1
历史记录,1
历次,1
历练,1
压住,1
压倒,1
压倒一切,1
压在,1
压垮,1
压差,1
压栏,1
压降,1
厌氧,1
厘清,1
厚普,1
厚爱,1
厚重,1
原为,1
原住民,1
原作者,1
原创性,1
原副,1
原名,1
原址,1
原型车,1
原子弹,1
原定,1
原料药,1
原油分析,1
原燃,1
原罪,1
原装,1
厦航,1
厦门市,1
厮杀,1
去年初,1
县委,1
县市,1
县市区,1
县政府,1
县级市,1
参天大树,1
参照物,1
参议院,1
又称,1
及大,1
及强,1
及时处理,1
及本页,1
及格线,1
及省,1
友情,1
友邦,1
双位数,1
双刃剑,1
双卡,1
双向选择,1
双币,1
双控,1
双料,1
双星,1
双流,1
双管齐下,1
双腿,1
双节,1
双轮,1
双边会谈,1
双边合作,1
双通道,1
双降,1
反倾销税,1
反哺,1
反垄断法,1
反对者,1
反补贴,1
反超,1
反降,1
发个,1
发函,1
发到,1
发威,1
发射器,1
发展史,1
发展缓慢,1
发扬,1
发掘,1
发来,1
发现自己,1
发生爆炸,1
发电能力,1
发育,1
发自,1
发芽,1
发话,1
发财,1
发起人,1
发过来,1
发运,1
发送至,1
发问,1
取件,1
取决,1
取水,1
取水口,1
取证,1
取道,1
取长补短,1
受伤害,1
受到限制,1
受力,1
受挫,1
受益者,1
受累,1
受让方,1
受邀,1
变中,1
变冷,1
变凤凰,1
变化趋势,1
变坏,1
变天,1
变小,1
变局,1
变幻,1
变盘,1
变窄,1
变身,1
变速,1
变造,1
叙事,1
口罩,1
口腔,1
口自贸,1
古井,1
句容,1
另一边,1
另行,1
另行通知,1
另辟蹊径,1
只好,1
只差,1
只想,1
只留,1
只谈,1
只靠,1
叫嚣,1
叫板,1
召集,1
可不可以,1
可乐,1
可乘之机,1
可依,1
可信,1
可信赖,1
可再生,1
可发,1
可变,1
可口,1
可塑性,1
可折叠,1
可操作性,1
可比性,1
可知,1
可见光,1
可视化,1
可言,1
可贵,1
可追溯,1
可降解,1
可预测性,1
台下,1
台山,1
台式机,1
台湖,1
台车,1
史无前例,1
右手,1
号令,1
号称,1
司法解释,1
司空见惯,1
吃亏,1
吃饭,1
各不相同,1
各具,1
各县,1
各大房,1
各大行,1
各式,1
各式各样,1
各显神通,1
各有利弊,1
各有千秋,1
各条,1
各省市,1
各种渠道,1
各站,1
各自为战,1
各项措施,1
各项政策,1
吆喝,1
合众,1
合作方,1
合作者,1
合同法,1
合围,1
合康,1
合法权利,1
合理布局,1
合生,1
合用,1
合议庭,1
合资企业,1
吉布提,1
吉普,1
吉林大学,1
吉林省政府,1
同一天,1
同一时间,1
同城,1
同天,1
同庆,1
同情,1
同款,1
同煤,1
同程,1
同级,1
同道,1
名不见经传,1
名人,1
名列榜首,1
名利双收,1
名号,1
名品,1
名堂,1
名声,1
名头,1
名存实亡,1
名酒,1
名雕,1
名额,1
后发优势,1
后备,1
后患,1
后来者,1
后果自负,1
后现,1
后盾,1
后置,1
后装,1
后遗症,1
后顾之忧,1
吐槽,1
吐鲁番,1
向内地,1
向外,1
向日葵,1
吓人,1
君子,1
吞下,1
含泪,1
听听,1
听见,1
听觉,1
听证,1
启东,1
启东市,1
启停,1
启幕,1
启明,1
启赋,1
吴涛,1
吴通,1
吸储,1
吸收外资,1
吸收能力,1
吸金,1
吸附,1
吹嘘,1
吹牛,1
吹风会,1
呈交,1
告之,1
告急,1
告破,1
告示,1
呐喊,1
员工福利,1
周内,1
周斌,1
周期长,1
周比,1
周续,1
周而复始,1
周转率,1
味觉,1
呼之欲出,1
呼和浩特,1
呼声,1
命令,1
命脉,1
命题,1
咋办,1
和晶,1
和物,1
和田,1
和缓,1
咖啡厅,1
咨询中心,1
咫尺之遥,1
咬牙,1
品尝,1
品牌化,1
品牌战略,1
品牌手机,1
哈德,1
哈撒韦,1
哈萨克斯坦,1
哈里,1
响当当,1
哪几个,1
哪类,1
唐山地区,1
售电侧,1
售货,1
唯一性,1
唯一标准,1
唯独,1
唱衰,1
商业用途,1
商业贷款,1
商为,1
商品流通,1
商品种类,1
商品质量,1
商在,1
商旅,1
商服,1
商榷,1
商洽,1
商赢,1
善举,1
善款,1
善良,1
喊冤,1
喊出,1
喊话,1
喜临门,1
喜力,1
喜好,1
喜悦,1
喜新厌旧,1
喝彩,1
喧闹,1
嗅出,1
嗅到,1
嘉凯城,1
嘉合,1
嘉吉,1
嘉宝,1
嘉里,1
嘴上,1
嘿客,1
噩耗,1
噪音,1
囊中,1
四五,1
四五年,1
四位,1
四区,1
四十,1
四名,1
四国,1
四季,1
四川盆地,1
四川长虹,1
四座,1
四方面,1
四星,1
四梁,1
四横,1
四点,1
四纵,1
四至,1
四轮,1
四风,1
四驱,1
回击,1
回去,1
回味,1
回头客,1
回忆起,1
回探,1
回旋余地,1
回看,1
回眸,1
回试,1
回馈,1
因低,1
因已,1
因应,1
因果关系,1
因海,1
因该,1
团圆,1
团结,1
囤积,1
困于,1
困在,1
围城,1
围猎,1
固体,1
固体废弃物,1
固安,1
国丰,1
国会山,1
国光,1
国内航线,1
国别,1
国务院令,1
国君,1
国四,1
国土资源厅,1
国土资源部,1
国家开发银行,1
国家海洋局,1
国家补贴,1
国家财政部,1
国家银行,1
国家验收,1
国富,1
国庆节,1
国开债,1
国指,1
国新办,1
国税,1
国策,1
国轩,1
国都,1
国际奥委会,1
国际性,1
国际期货,1
国际标准,1
国际清算银行,1
国际石油,1
国际竞争,1
国际航运,1
国际货物,1
国际金融,1
图库,1
图标,1
图灵奖,1
图谋,1
囿于,1
圆柱,1
圆满成功,1
圆满结束,1
圆珠笔,1
圈地,1
圈子,1
圈定,1
土储,1
土地出让,1
土地利用,1
土库曼斯坦,1
土建,1
土改,1
土方,1
土木工程,1
在乎,1
在历史上,1
在场,1
在外,1
在家,1
在所难免,1
在技术上,1
在改革中,1
在校生,1
在此期间,1
在读,1
地产界,1
地写,1
地尔汉宇,1
地州,1
地平线,1
地想,1
地标,1
地毯式,1
地王,1
地皮,1
地盘,1
地称,1
地被,1
地质,1
地道,1
地量,1
场合,1
场地面积,1
场馆,1
均会,1
均列,1
均等,1
均等化,1
均系,1
均衡性,1
坐不住,1
坐享,1
坐地,1
坐地铁,1
坐落于,1
坚守岗位,1
坚定信心,1
坚持下去,1
坚持不懈,1
坚朗,1
坚硬,1
坠入,1
垂涎,1
垂类,1
型业务,1
埋头苦干,1
城南,1
城市交通,1
城市更新,1
城开,1
城等,1
城管,1
城西,1
城轨,1
城郊,1
城里,1
培养人才,1
培根,1
基业,1
基因突变,1
基层干部,1
基本功,1
基本功能,1
基本特征,1
基本知识,1
基板,1
基础知识,1
基辅,1
堕落,1
堵住,1
堵死,1
塌陷,1
塑造出,1
塔姆,1
塔里木,1
塞纳,1
填埋场,1
填报,1
填权,1
填谷,1
境况,1
境遇,1
墙壁,1
墙板,1
墙角,1
增信,1
增塑剂,1
增强型,1
增生,1
增补,1
增进,1
增配,1
士气,1
壮士断腕,1
壮观,1
壮阔,1
声中,1
声控,1
处分,1
处理器,1
处理量,1
备受瞩目,1
复印,1
复合型,1
复地,1
复旦大学,1
复核,1
复活,1
复盘,1
外交部长,1
外人,1
外侧,1
外国语,1
外场,1
外文,1
外方,1
外派,1
外溢,1
外滩,1
外科手术,1
外立面,1
外管,1
外籍,1
外经贸,1
外置,1
外设,1
外貌,1
外购,1
外运发展,1
外采,1
夙愿,1
多万吨,1
多事之秋,1
多亿,1
多亿元,1
多仓,1
多以,1
多份,1
多伦,1
多伦多,1
多公里,1
多则,1
多到,1
多发,1
多处,1
多套,1
多所,1
多数党,1
多斯,1
多日,1
多时,1
多普勒,1
多晶硅,1
多有,1
多杀多,1
多来,1
多极,1
多根,1
多渠道,1
多用途,1
多种产品,1
多策,1
多米,1
多维,1
多者,1
多角度,1
多趟,1
多过,1
多长,1
多长时间,1
多难,1
多高,1
夜光,1
夜景,1
夜空,1
够快,1
大三,1
大且,1
大丰收,1
大举进攻,1
大促,1
大全,1
大写,1
大冶,1
大出,1
大到,1
大力推广,1
大包,1
大区,1
大卖,1
大卫,1
大厂,1
大发,1
大变样,1
大唐电信,1
大商股份,1
大图,1
大型超市,1
大型项目,1
大大降低,1
大失所望,1
大姐,1
大家伙,1
大巴,1
大市,1
大幕,1
大干一场,1
大广,1
大庆,1
大底,1
大恒,1
大惊小怪,1
大意,1
大批量,1
大拇指,1
大捷,1
大放异彩,1
大晟,1
大有,1
大本营,1
大树,1
大案,1
大步,1
大气层,1
大洋,1
大洋洲,1
大浪淘沙,1
大爷,1
大牌,1
大牛,1
大牛股,1
大王,1
大盘走势,1
大省,1
大礼,1
大神,1
大而,1
大肆,1
大胜,1
大腕,1
大获,1
大行其道,1
大衣,1
大讲堂,1
大赢家,1
大跌眼镜,1
大车,1
大过,1
大进,1
大逆转,1
大部,1
大锅饭,1
大雪,1
天上,1
天下第一,1
天信,1
天健,1
天兴,1
天及,1
天大,1
天子,1
天宫,1
天将,1
天悦,1
天意,1
天成,1
天房,1
天才,1
天梯,1
天江,1
天泽,1
天海,1
天涯,1
天源迪科,1
天神,1
天福,1
天空,1
天能,1
天赋,1
天辰,1
天里,1
天量,1
太久,1
太仓,1
太仓市,1
太太,1
太强,1
太晚,1
太湖流域,1
太行山,1
太贵,1
太阳城,1
夫妻,1
央广,1
失意,1
失火,1
失真,1
失眠,1
失调,1
失败者,1
头戴,1
头戴式,1
头版,1
头版头条,1
头盔,1
头等大事,1
头衔,1
夹心,1
夺得,1
奇幻,1
奇葩,1
奇观,1
奇酷,1
奉劝,1
奋发有为,1
奋起,1
奋达,1
契税,1
套装,1
奢侈,1
奢华,1
奥地利,1
奥威,1
奥康,1
奥拓,1
奥斯陆,1
奥运会,1
奥马,1
女星,1
女王,1
女装,1
女鞋,1
奶牛,1
好几年,1
好大,1
好头,1
好想你,1
好戏,1
好收成,1
好点,1
好牌,1
好玩,1
好用,1
好运,1
如何是好,1
如初,1
如厕,1
如意算盘,1
如愿,1
如火如荼,1
如玉,1
如约,1
如遇,1
妄想,1
妇女儿童,1
妇幼,1
妇科,1
妈咪,1
妊娠,1
妖股,1
妥善,1
妥善解决,1
妥当,1
妻子,1
始创,1
始料未及,1
姑息,1
姓保,1
委管,1
姗姗来迟,1
姜文,1
威廉,1
威望,1
威胁论,1
娱乐性,1
婚房,1
媒介,1
孕妇,1
孕育出,1
存储卡,1
存储器,1
存储技术,1
存储空间,1
存储量,1
存入,1
存准,1
存取款,1
存有,1
存量房,1
孙建,1
孙建波,1
孙彬,1
季末,1
学习效果,1
学位,1
学历,1
学好,1
学学,1
学府,1
学术界,1
学籍,1
学费,1
学院派,1
孵化器,1
宁吉喆,1
宁夏回族自治区,1
宇达,1
宇顺,1
守土有责,1
守护,1
安保,1
安倍,1
安全意识,1
安全感,1
安全控制,1
安全等级,1
安全部,1
安全阀,1
安大略省,1
安好,1
安川,1
安控,1
安然,1
安置工作,1
宋卫平,1
完后,1
完好,1
完好无损,1
宏伟蓝图,1
宏大,1
宏达,1
宗教,1
宗数,1
官僚主义,1
官司,1
官邸,1
定产,1
定州,1
定时,1
定案,1
定调,1
宜信,1
宜昌,1
宝典,1
宝武,1
宝洁,1
宝玉,1
宝钢集团,1
宝鸡,1
宝龙,1
实事求是,1
实债,1
实到,1
实力雄厚,1
实地考察,1
实地调查,1
实处,1
实属,1
实属无奈,1
实干,1
实拍,1
实招,1
实施办法,1
实用型,1
实至名归,1
实话,1
实践者,1
实际困难,1
实际收入,1
实验区,1
审判,1
审定,1
审慎考虑,1
审时度势,1
审美,1
审美疲劳,1
客在,1
客户名单,1
客户群,1
客户资源,1
客票,1
客群,1
客观事实,1
客观原因,1
客观情况,1
客运公司,1
宣传教育,1
宣化,1
宣发,1
宣誓,1
宫殿,1
害群之马,1
宴会厅,1
家伙,1
家公募,1
家喻户晓,1
家宴,1
家家,1
家居装饰,1
家属,1
家年,1
家店,1
家庭成员,1
家庭教育,1
家当,1
家新,1
家有,1
家次,1
家电市场,1
家禽,1
家风,1
容不得,1
容大,1
容忍,1
容积,1
容积率,1
容许,1
容错过,1
宽带接入,1
宽敞明亮,1
宽裕,1
宾馆,1
寄予,1
寄予厚望,1
密切配合,1
密歇根,1
富强,1
富民,1
富润,1
富矿,1
富维,1
富豪,1
富达,1
寒意,1
寒风,1
寓意,1
察觉,1
寥寥,1
对人,1
对全,1
对净,1
对准,1
对外经济贸易大学,1
对外部,1
对峙,1
对战,1
对拟,1
对油市,1
对症,1
对联,1
对融,1
对账,1
寻顶,1
导师,1
导火索,1
导管,1
导购员,1
封堵,1
封存,1
将分,1
将表外,1
小事,1
小件,1
小值,1
小农,1
小厂,1
小品,1
小国,1
小型化,1
小型汽车,1
小孩子,1
小家,1
小小,1
小小的,1
小巧,1
小布什,1
小心翼翼,1
小房,1
小有,1
小样,1
小汽车,1
小河,1
小涨,1
小猪,1
小病,1
小白鼠,1
小觑,1
小试,1
小说,1
小财,1
小资,1
小跌,1
小降,1
小高潮,1
小鼠,1
少华,1
少女,1
少年,1
少数几家,1
少有,1
少走弯路,1
少部分,1
尔姆,1
尔斯,1
尔特,1
尖端技术,1
尚处,1
尚存,1
尚无,1
尚未可知,1
尚短,1
就业率,1
就别,1
就行了,1
就近,1
就餐,1
尸体,1
尼亚,1
尼斯,1
尽全力,1
尽头,1
尽心,1
尽收眼底,1
尽显,1
尽量少,1
尾款,1
尾灯,1
尾部,1
尿素,1
层出,1
层层,1
层高,1
居于,1
居安思危,1
居家,1
居所,1
屈指可数,1
屈臣氏,1
屋面,1
屏上,1
屏幕显示,1
展位,1
展区,1
展将,1
展现出,1
展馆,1
属地,1
属地化,1
屡战屡败,1
屡次,1
屡禁不止,1
屡遭,1
履职,1
履行职责,1
山头,1
山姆,1
山林,1
山航,1
山钢,1
山雨欲来风满楼,1
山顶,1
岂止,1
岛屿,1
岩棉,1
岷县,1
岸线,1
峰回路转,1
崇州市,1
嵌入式,1
川环,1
州政府,1
巡查,1
巡检,1
巡航,1
工业体系,1
工业原料,1
工业用地,1
工业用水,1
工伤保险,1
工作日内,1
工作组,1
工作进展,1
工作部,1
工作量,1
工信委,1
工况,1
工商业,1
工商会,1
工商时报,1
工大,1
工期,1
工本费,1
工科,1
工程设计,1
工程院,1
工艺技术,1
工薪阶层,1
工资总额,1
工长,1
左右为难,1
左岸,1
左边,1
巨亏,1
巨型,1
巨大进步,1
巨星,1
差一点,1
差别化,1
差劲,1
差点,1
差率,1
已上,1
已于,1
已具,1
已到,1
已大,1
已成,1
已来,1
已破,1
已自,1
已至,1
已跌,1
已达成,1
已高达,1
巴伦,1
巴克莱银行,1
巴库,1
巴拉,1
巴斯,1
巴赫,1
币值,1
市住,1
市内,1
市北,1
市县,1
市售,1
市场疲软,1
市场秩序,1
市场营销,1
市场运作,1
市属,1
市州,1
市级,1
市经,1
市里,1
市销率,1
布林,1
布油,1
布点,1
希冀,1
希尔,1
希拉里,1
帐号,1
帝国,1
帝王,1
帝豪,1
带入,1
带回,1
帮凶,1
常住人口,1
常务委员会,1
常客,1
常理,1
常胜将军,1
帽子,1
干什么,1
干劲,1
干掉,1
干涉,1
干着,1
干粮,1
干过,1
平台车,1
平均价,1
平均年龄,1
平复,1
平常心,1
平摊,1
平民化,1
平治,1
平淡无奇,1
平潭,1
平移,1
平视,1
平静下来,1
平高电气,1
年产值,1
年产量,1
年全,1
年味,1
年国,1
年均值,1
年定,1
年少,1
年应,1
年度人物,1
年成交额,1
年料,1
年涨,1
年版,1
年节,1
年营,1
年薪,1
年轻一代,1
年龄段,1
并不比,1
并不等于,1
并不认为,1
并会,1
并发,1
并行,1
并进,1
并非易事,1
并驾齐驱,1
幸亏,1
幸福生活,1
幽灵,1
广东地区,1
广东明珠,1
广东省委,1
广东省高级人民法院,1
广元,1
广博,1
广厦,1
广告主,1
广告法,1
广告行业,1
广大群众,1
广大读者,1
广州市政府,1
广州日报,1
广度,1
广昌,1
广核,1
广泛性,1
广生堂,1
广等,1
广色域,1
庄家,1
庆春,1
床上用品,1
床位数,1
库克,1
库房,1
应为,1
应从,1
应声,1
应届,1
应战,1
应纳税额,1
应聘,1
底数,1
底气,1
底色,1
底蕴,1
店里,1
店长,1
店面,1
庞然大物,1
废弃,1
废旧电池,1
废水处理,1
废话,1
废酸,1
废钢铁,1
度量,1
座次,1
康佳,1
康奈尔大学,1
康宁,1
廉洁,1
廊坊市,1
延展,1
延期付款,1
建业,1
建党,1
建制,1
建发,1
建委,1
建安,1
建局,1
建成投产,1
建摩,1
建有,1
建模,1
建湖,1
建章立制,1
建筑物,1
建筑设计,1
建艺,1
建设周期,1
建设者,1
建设部,1
建起,1
开业典礼,1
开个,1
开于,1
开元,1
开创者,1
开办,1
开售,1
开场,1
开孔,1
开庭,1
开张,1
开往,1
开放型,1
开放市场,1
开放日,1
开方,1
开玩笑,1
开窗,1
开篇,1
开裂,1
开锁,1
开高,1
异军突起,1
异口同声,1
异物,1
弃儿,1
弃风弃,1
弄虚作假,1
引人,1
引人深思,1
引人瞩目,1
引出,1
引流,1
引线,1
引路人,1
引领者,1
弘阳,1
弟弟,1
张倩,1
张勇,1
张家口市,1
张家界,1
张建国,1
张开,1
张强,1
张恒,1
张斌,1
张明,1
张璐,1
张网,1
张驰,1
弥漫,1
弧形,1
弯腰,1
弯路,1
弹幕,1
强制性,1
强制执行,1
强化措施,1
强基,1
强壮,1
强将,1
强平,1
强强联合,1
强房,1
强烈反响,1
强烈要求,1
强省,1
强迫,1
归口,1
归根结底,1
归纳,1
归结为,1
归集,1
归零,1
当升,1
当场,1
当当网,1
当心,1
当晚,1
当该,1
录取,1
形同虚设,1
形状,1
形象大使,1
彩色,1
彩虹,1
彼岸,1
往下,1
往外,1
往期,1
往里,1
征求,1
征询,1
待变,1
待机,1
待涨,1
很感兴趣,1
很酷,1
很难说,1
徐彪,1
徐徐,1
徐汇区,1
徐绍史,1
得不到,1
得出结论,1
得分,1
得力,1
得心应手,1
得病,1
徘徊不前,1
徜徉,1
御寒,1
御泥坊,1
御用,1
微信端,1
微创,1
微机,1
微波,1
微波炉,1
微生物,1
微电,1
微网,1
微薄,1
微量,1
微量元素,1
德克萨斯,1
德克萨斯州,1
德国大众,1
德国总理,1
德国政府,1
德国联邦,1
德普,1
德豪润,1
德邦,1
德黑兰,1
心仪,1
心力,1
心声,1
心头,1
心怀,1
心急,1
心智,1
心理准备,1
心理压力,1
心目,1
心肺,1
心脏起搏器,1
必争,1
必查,1
必然性,1
必然结果,1
必由之路,1
必经之路,1
必达,1
忍住,1
忍痛割爱,1
志同道合,1
志愿,1
志豪,1
志远,1
忘却,1
忘掉,1
忙活,1
忠于,1
忠实,1
忧心,1
快件,1
快充,1
快感,1
快涨,1
快节奏,1
快速化,1
快速路,1
快门,1
快鹿,1
念头,1
怀化,1
怀抱,1
怀揣,1
怀着,1
怂恿,1
怎样才能,1
怎能,1
怎能不,1
思壮,1
思科,1
思索,1
急剧下降,1
急功近利,1
急跌,1
急躁,1
急需解决,1
性别,1
怪物,1
总价值,1
总体规划,1
总决赛,1
总可售,1
总台,1
总归,1
总算,1
总编,1
总编辑,1
总能,1
总长,1
恐怖分子,1
恐袭,1
恒丰,1
恒升,1
恒宝,1
恒润,1
恒温器,1
恒源,1
恒盛,1
恒立,1
恒锋,1
恒顺,1
恩平,1
恩斯,1
恩智浦,1
息费,1
恰是,1
恰逢,1
恶劣,1
恶性,1
恶性肿瘤,1
恶意代码,1
恼人,1
悄悄地,1
悉尼,1
悖论,1
悟空,1
悠久,1
患病率,1
悬挂,1
悬空,1
悲情,1
悲惨,1
情人节,1
情况汇报,1
情况通报,1
情境,1
情愿,1
情结,1
惊动,1
惊叹,1
惊呆,1
惊弓之鸟,1
惊慌失措,1
惊现,1
惋惜,1
惠东,1
惠东县,1
惠企,1
惠安,1
惠成,1
惠普,1
惠誉,1
惦记,1
惨不忍睹,1
惨败,1
惨重,1
惩治,1
惯常,1
惯用,1
想不到,1
想得,1
想得到,1
想想看,1
想换,1
想方设法,1
想过,1
惺惺相惜,1
愈来愈,1
愈演愈烈,1
愉快,1
意向书,1
意外事件,1
意外事故,1
意大利政府,1
意志,1
意料之中,1
意欲何为,1
感受一下,1
感叹,1
感官,1
感性,1
感悟,1
感测,1
感激,1
感触,1
愧疚,1
愿同,1
慌乱,1
慌张,1
慎重考虑,1
慢下来,1
慢于,1
慧择,1
慧球,1
慰藉,1
懈怠,1
戏码,1
戏称,1
成也萧何,1
成像,1
成功之路,1
成功人士,1
成功经验,1
成功者,1
成名,1
成员名单,1
成套,1
成年,1
成年人,1
成形,1
成本低,1
成果奖,1
成片,1
成疑,1
成网,1
成衣,1
成语,1
成谜,1
成败,1
我中有你,1
我司,1
我常,1
我来,1
我谨,1
或存,1
或能,1
或近,1
或非,1
战况,1
战后,1
战国,1
战国时代,1
战战兢兢,1
战斗力,1
战略伙伴,1
战略眼光,1
战绩,1
戛然而止,1
截流,1
截然,1
戮力同心,1
戴威,1
戴着,1
户口,1
户户,1
房主,1
房产交易,1
房产信息,1
房企在,1
房屋产权,1
房山,1
房租,1
房等,1
房管,1
所困,1
所在区域,1
所提,1
所涉,1
所称,1
所要,1
所起,1
所选,1
扁平化,1
手册,1
手写笔,1
手头,1
手感,1
手握,1
手机游戏,1
手机短信,1
手环,1
手笔,1
手臂,1
手艺,1
手软,1
打上,1
打井,1
打分,1
打劫,1
打听,1
打垮,1
打工,1
打拼,1
打断,1
打消,1
打游戏,1
打满,1
打火机,1
打理,1
打胜仗,1
打非,1
扔掉,1
扔进,1
扛着,1
扣减,1
扣押,1
执业资格,1
执勤,1
执委会,1
执掌,1
执照,1
执笔,1
执行逮捕,1
扩大内需,1
扩大开放,1
扩建工程,1
扩张性,1
扩张期,1
扩能,1
扬农,1
扭曲,1
扭转干坤,1
扭转颓势,1
扯淡,1
扶助,1
扶手,1
扶贫办,1
扶贫开发,1
批发价,1
批评,1
找上门,1
找房,1
找死,1
承保,1
承包地,1
承受能力,1
承建商,1
承德,1
承担风险,1
技改,1
技术参数,1
技术员,1
技术标准,1
技术细节,1
技术论坛,1
技术设备,1
技术骨干,1
抄袭,1
把戏,1
抑制作用,1
抑尘,1
抓住机遇,1
抓取,1
抓紧时间,1
投中,1
投入产出,1
投建,1
投票数,1
投行部,1
投诉率,1
投资信托,1
投资商,1
投资国,1
投钱,1
抗冲击,1
抗菌,1
抗衡,1
折戟,1
折损,1
折算,1
折算率,1
抚养,1
抛压,1
抛开,1
抢到,1
抢房,1
抢救,1
抢注,1
抢滩,1
抢购,1
报以,1
报修,1
报关,1
报告单,1
报喜,1
报国,1
报复性,1
报废,1
报批,1
报时,1
报装,1
报警装置,1
抵不过,1
抵住,1
抵制,1
抵得,1
抵押物,1
抵补,1
抽奖,1
抽屉,1
抽烟,1
抽血,1
抽采,1
担保方,1
担子,1
担负,1
担风险,1
拆开,1
拆迁,1
拉加,1
拉开序幕,1
拉美国家,1
拉起,1
拉近,1
拉锯,1
拉长,1
拍下,1
拍卖成交,1
拒之门外,1
拓荒者,1
拖延,1
拖慢,1
拖欠,1
拖沓,1
招拍,1
招生,1
招致,1
拟建,1
拟购,1
拥有者,1
拥有量,1
拧紧,1
拨开,1
拨打,1
择时,1
择期,1
择股,1
拯救,1
拳脚,1
拼不过,1
拼凑,1
拼出,1
拼接,1
拿捏,1
拿货,1
持续一年,1
持货,1
挂号,1
挂盘,1
指令集,1
指会,1
指低,1
指则,1
指升,1
指南针,1
指向性,1
指大涨,1
指导方针,1
指引方向,1
按捺不住,1
按计划,1
按键,1
挑出,1
挑动,1
挑战者,1
挖出,1
挖坑,1
挖掘出,1
挖矿,1
挖财,1
挣得,1
挣快,1
挣扎,1
挥发,1
挥发性,1
挪到,1
挪用,1
振华,1
振奋,1
挹注,1
挺价,1
挽回,1
挽留,1
捐献,1
损了,1
捡钱,1
换仓,1
换位,1
换取,1
换句话,1
换来,1
换股,1
换装,1
据传,1
据估计,1
据称,1
掌上,1
掌权,1
掌管,1
掌舵,1
掌舵者,1
掌门,1
掏腰包,1
排位,1
排号,1
排名榜,1
排名表,1
排忧解难,1
排斥,1
排水管,1
掘金,1
探寻,1
探明,1
探明储量,1
探测,1
探测器,1
探秘,1
接下,1
接力,1
接受投资者,1
接受程度,1
接得,1
接班,1
接班人,1
接见,1
接触网,1
接踵,1
接踵而至,1
接通,1
控上,1
控盘,1
控等,1
控系统,1
控量,1
推低,1
推动型,1
推动者,1
推地,1
推导,1
推延,1
推翻,1
推货量,1
推车,1
推陈出新,1
掺杂,1
描绘,1
提供支援,1
提前准备,1
提取物,1
提成,1
提档,1
提炼,1
提示性,1
提车,1
提高产量,1
提高效益,1
插座,1
插电,1
握有,1
揣摩,1
揪心,1
揭幕,1
揭开,1
揭露,1
揽件,1
搅乱,1
搅局,1
搅拌站,1
搜罗,1
搞定,1
搬到,1
搬回,1
搬运,1
搭车,1
摄像机,1
摄影师,1
摆正,1
摆脱困境,1
摇身一变,1
摊子,1
摊销,1
摔倒,1
摘帽,1
摧残,1
摧毁,1
摩尔,1
撑不住,1
撑腰,1
撒网,1
撕掉,1
撤换,1
撤离,1
撤退,1
播客,1
撼动,1
攀高,1
攫取,1
支公司,1
支取,1
支撑点,1
支数,1
支柱产业,1
支流,1
收件,1
收出,1
收发,1
收场,1
收手,1
收支平衡,1
收效,1
收率,1
收编,1
收费公路,1
收近,1
改变现状,1
改型,1
改成,1
改扩建,1
改款,1
改用,1
改由,1
改装,1
改革者,1
攻克,1
攻城掠地,1
攻城略地,1
攻破,1
放不下,1
放射治疗,1
放开价格,1
放心使用,1
放手,1
放权,1
放水,1
放着,1
放管,1
放贷,1
政协,1
政协提案,1
政客,1
政治家,1
政策底,1
政策法规司,1
故其,1
敌人,1
敏感性,1
救世主,1
救治,1
救灾,1
教主,1
教学科研,1
教学资源,1
教室,1
敞开式,1
敢死队,1
散发,1
散货,1
敦豪,1
敬告,1
敬畏,1
敬而远之,1
数亿,1
数位,1
数十,1
数十万,1
数十个,1
数十亿美元,1
数千,1
数及,1
数名,1
数周,1
数均,1
数家,1
数度,1
数据保护,1
数据管理,1
数据量,1
数控,1
数百人,1
数百种,1
数科,1
数米,1
数达,1
数量化,1
敲响警钟,1
敲开,1
敲门,1
敲门砖,1
整体橱柜,1
整体规划,1
整固,1
整层,1
整条,1
整栋,1
整洁,1
整车厂,1
敷设,1
文交所,1
文化部,1
文后,1
文案,1
文莱,1
斗争,1
斗鱼,1
料理,1
料酒,1
斜坡,1
斡旋,1
断崖,1
断网,1
断臂,1
斯伍德,1
斯巴鲁,1
斯里兰卡,1
新一期,1
新一波,1
新东家,1
新入,1
新兵,1
新出路,1
新创,1
新创意,1
新力,1
新华日报,1
新南威尔士州,1
新发,1
新台阶,1
新型材料,1
新城区,1
新宙邦,1
新工艺,1
新年贺词,1
新开业,1
新开设,1
新开通,1
新思维,1
新技能,1
新政府,1
新旗舰,1
新晋,1
新机型,1
新沙,1
新浪网,1
新海,1
新潮流,1
新生代,1
新生儿,1
新疆地区,1
新百,1
新筑,1
新篇章,1
新纪录,1
新纶,1
新美大,1
新老,1
新老用户,1
新联,1
新能,1
新规下,1
新规中,1
新规后,1
新近,1
新途径,1
新郑,1
新闻社,1
新闻纵横,1
新鸿基,1
新鼎,1
方为,1
方兴未艾,1
方则,1
方及,1
方可,1
方在,1
方对,1
方所,1
方格,1
方框,1
方略,1
方阵,1
施工单位,1
施工工艺,1
施政,1
施肥,1
旅业,1
旅客量,1
旅游委,1
旅游局,1
旅游部,1
旅行者,1
无从,1
无以,1
无价,1
无功而返,1
无可厚非,1
无可奈何,1
无名,1
无味,1
无处不在,1
无底洞,1
无异于,1
无形,1
无心恋战,1
无怪乎,1
无情,1
无惧,1
无愧于,1
无房,1
无故,1
无敌,1
无数个,1
无数次,1
无新,1
无机物,1
无果,1
无止境,1
无法自拔,1
无济于事,1
无牌,1
无用,1
无用功,1
无界,1
无疾而终,1
无线网络,1
无脑,1
无节制,1
无谓,1
无门,1
无限风光,1
既保证,1
日企,1
日共,1
日化,1
日及,1
日夜,1
日新月异,1
日月,1
日本政府,1
日活,1
日照,1
日科,1
日程安排,1
日系,1
日钢,1
日销,1
日高,1
旧版,1
旧账,1
旧部,1
旧酒,1
早熟,1
旱情,1
时下,1
时代背景,1
时值,1
时刻表,1
时尚服饰,1
时序,1
时所,1
时时,1
时薪,1
时要,1
时长,1
时间差,1
时限,1
时需,1
时须,1
昆仑,1
昆机,1
昌邑,1
明争暗斗,1
明势,1
明斯克,1
明日之星,1
明明,1
明星阵容,1
明显好转,1
明牌,1
明码标价,1
明股,1
明说,1
易名,1
易学,1
易懂,1
易手,1
易果,1
易用性,1
易鑫,1
昙花一现,1
星宇,1
星座,1
星星,1
星星之火,1
星期天,1
星河湾,1
星系,1
星网,1
映客,1
映衬,1
春晓,1
是央企,1
显弱,1
显微,1
显微镜,1
显性,1
显眼,1
显而易见,1
显露,1
晋升为,1
晋身,1
晋阳,1
晒出,1
晚些时候,1
晚年,1
晚报,1
晚期,1
晚点,1
晨报,1
普丽盛,1
普华永道,1
普及率,1
普洱,1
普通住宅,1
景兴,1
景德镇,1
晴朗,1
晴雨表,1
晶体,1
晶体管,1
晶圆级,1
智云,1
智利政府,1
智商,1
智能机,1
智酷,1
智领,1
暂居,1
暂扣,1
暂时性,1
暖风,1
暗战,1
暗自,1
暗部,1
暴增,1
曲高和寡,1
更上,1
更久,1
更受,1
更多人,1
更多地,1
更多更好,1
更应,1
更快,1
更易,1
更糟,1
更贵,1
更趋,1
更进一步,1
曹妃甸,1
曼谷,1
曾多次,1
替换,1
替换成,1
最严,1
最低工资,1
最低标准,1
最低谷,1
最先,1
最全,1
最出色,1
最多为,1
最富,1
最惨,1
最末,1
最深,1
最火,1
最狠,1
最终目标,1
最能,1
最苦,1
最薄,1
最轻,1
最远,1
最迟,1
最高人民法院,1
最高奖,1
最高峰,1
最高级,1
月台,1
月季,1
月止,1
月盈,1
月租,1
月薪,1
有价证券,1
有位,1
有利条件,1
有助,1
有升,1
有史以来,1
有多远,1
有大,1
有家,1
有底,1
有强,1
有心,1
有息,1
有意思,1
有意无意,1
有所作为,1
有所提高,1
有损,1
有料,1
有毒,1
有涨,1
有理,1
有线电视,1
有罪,1
有责,1
有赖于,1
有起色,1
有轨电车,1
有近,1
服务区,1
服务半径,1
服务态度,1
服务收入,1
服役,1
服用,1
服装出口,1
服装类,1
朗迪,1
望尘莫及,1
朝阳区,1
期刊,1
期在,1
期已,1
期待已久,1
期房,1
期望值,1
期缴,1
木业,1
木板,1
木质,1
未减,1
未售,1
未因,1
未央,1
未如,1
未成交,1
未成年,1
未改,1
未能如愿,1
未雨绸缪,1
末到,1
末尾,1
末日,1
本事,1
本体,1
本刊,1
本原,1
本号,1
本周一,1
本地人,1
本地化,1
本外币,1
本年,1
本想,1
本法,1
本波,1
本港,1
本版,1
本科学历,1
本职工作,1
本该,1
本领,1
朴素,1
机位,1
机台,1
机和,1
机坪,1
机床,1
机电工程,1
机票价格,1
机遇期,1
机采,1
机长,1
机队,1
杀手,1
杀死,1
杀灭,1
杀菌,1
杂乱,1
杂质,1
杂费,1
权威性,1
权威机构,1
权威部门,1
权宜之计,1
权益法,1
权衡,1
李东荣,1
李佳,1
李博,1
李女士,1
李德,1
李敏,1
李文,1
李斌,1
李林,1
李沧区,1
李萌,1
李跃,1
李铁,1
材料价格,1
村村,1
村里,1
村长,1
杜特,1
束缚,1
杠杠,1
条产线,1
条新,1
条线,1
来势,1
来华,1
来头,1
来得,1
来得及,1
来得早,1
来水,1
来港,1
来源国,1
来算,1
来路,1
杨家,1
杨德龙,1
杨浩涌,1
杭州人,1
杭州网,1
杰作,1
杰出,1
杰发,1
松动,1
松劲,1
板式,1
极低,1
极其重要,1
极力,1
极小,1
极少,1
极少数,1
极强,1
林业,1
林业厅,1
林业部门,1
林地,1
林海,1
林火,1
果酒,1
枢纽港,1
枪击,1
枪口,1
枯燥,1
架不住,1
枷锁,1
枸杞,1
柏科,1
某一,1
某一时间,1
柔软,1
柜面,1
查实,1
查控,1
查收,1
查明,1
查账,1
标价,1
标准差,1
标准箱,1
标本,1
标煤,1
标箱,1
标高,1
树林,1
校准,1
校验,1
株洲,1
样子,1
样式,1
样板,1
样板工程,1
核对,1
核心作用,1
核能,1
根本途径,1
根深蒂固,1
格力空调,1
格式,1
格罗,1
格言,1
案发,1
案子,1
案情,1
桌面,1
桌面操作系统,1
桎梏,1
桥段,1
梅林,1
梅泰诺,1
梦想成真,1
梦洁,1
梨树,1
梯次,1
检出,1
检察院,1
检查和,1
检查站,1
检测仪,1
检阅,1
棉企,1
棉农,1
棉籽,1
棉纺,1
棋手,1
森美,1
植棉,1
楼兰,1
楼宇,1
楼梯,1
楼道,1
概念车,1
概股,1
概述,1
模仿者,1
模拟器,1
模样,1
横店,1
横琴,1
横生,1
横穿,1
橙子,1
橡胶制品,1
橱窗,1
欠薪,1
欠费,1
次世代,1
次席,1
欢呼雀跃,1
欢笑,1
欣喜,1
欣欣向荣,1
欣赏,1
欧亚,1
欧前,1
欧后,1
欧尚,1
欧洲中央银行,1
欧洲杯,1
款式,1
款纯,1
歇业,1
歌唱,1
止水,1
止跌企稳,1
正反馈,1
正名,1
正品,1
正商,1
正因如此,1
正处,1
正对,1
正常人,1
正常化,1
正常率,1
正态分布,1
正月初,1
正月十五,1
正气,1
正直,1
正等待,1
正线,1
正规化,1
正视,1
正试图,1
正负,1
正达,1
正逢,1
正酣,1
此项,1
此项工作,1
步子,1
步履维艰,1
步态,1
步步为营,1
武士,1
武媚娘,1
武林,1
武清区,1
歼灭战,1
残渣,1
残留,1
残疾,1
毅然,1
母行,1
母鸡,1
每一件,1
每一分,1
每一款,1
每一项,1
每单,1
每天晚上,1
每张,1
每户,1
每条,1
每部,1
比亚,1
比仅,1
比则,1
比利时,1
比均,1
比尔,1
比拟,1
比比皆是,1
比约,1
比超,1
比较严重,1
比较慢,1
比较稳定,1
比达,1
比近,1
比降,1
比音勒芬,1
毗邻,1
毛皮,1
毛细血管,1
毛鸡,1
毫不讳言,1
毫升,1
民主化,1
民以食为天,1
民情,1
民政局,1
民法典,1
民警,1
民调,1
气候变化,1
气味,1
气态,1
气流,1
气象台,1
气象部门,1
气质,1
氮磷,1
氮肥,1
水井坊,1
水产品,1
水体,1
水域,1
水壶,1
水文,1
水晶,1
水果店,1
水桶,1
水槽,1
水汽,1
水波,1
水泵,1
水洗,1
水流,1
水牛,1
水电,1
水立方,1
水箱,1
水路,1
水量,1
永不,1
永乐,1
永兴,1
永太,1
永州,1
永平,1
永新,1
永泰,1
永胜,1
求变,1
求新,1
求真务实,1
求索,1
求进,1
汇出,1
汇发,1
汇川,1
汇改,1
汇款,1
汉口,1
汉威,1
汛期,1
江中,1
江湖,1
江苏省政府,1
江门,1
江门市,1
池子,1
汲取,1
汹涌,1
汽车业,1
汽车保险,1
汽车厂,1
汽车底盘,1
汽车玻璃,1
汽车空调,1
汽车配件,1
沉思,1
沉沦,1
沉浮,1
沙特阿拉伯,1
沙盘,1
沙龙,1
没买,1
没事,1
没人,1
没准,1
没底,1
没想,1
没意思,1
没说,1
没道理,1
沧海,1
沧海一粟,1
沪伦通,1
沮丧,1
河口,1
河西,1
河里,1
河钢,1
沸腾,1
油气区,1
油污,1
油烟机,1
油电,1
油菜,1
油路,1
油钱,1
油长,1
治国,1
治标不治本,1
治污,1
治霾,1
沿袭,1
泉州,1
泊位,1
泊车,1
法中,1
法国巴黎,1
法学院,1
法律事务,1
法律效力,1
法德,1
法拉第,1
波及,1
波浪式,1
泥泞,1
泥潭,1
注册号,1
注册商标,1
注册手续,1
注塑机,1
注意事项,1
注脚,1
注重实效,1
泰山,1
泽平,1
洋房,1
洗净,1
洗刷,1
洗护,1
洗澡,1
洗盘,1
洗礼,1
洛杉矶,1
洞察力,1
洞见,1
津西,1
津贴,1
洪水,1
洪江,1
洲明,1
活体,1
活得,1
活期,1
活期存款,1
活检,1
活跃期,1
派出机构,1
派遣,1
流于形式,1
流明,1
流淌,1
流行病学,1
流通渠道,1
流通量,1
流逝,1
流露,1
浇筑,1
测控,1
测评,1
测试仪,1
测试方法,1
测试版,1
济安,1
浑水,1
浑身,1
浑身解数,1
浓墨重彩,1
浓重,1
浦东,1
浦西,1
浦银安盛,1
浩丰,1
浩瀚,1
浪费时间,1
海产品,1
海兴,1
海口市,1
海啸,1
海天,1
海岸线,1
海德,1
海德堡,1
海报,1
海洋工程,1
海洋环境,1
海洋生物,1
海涛,1
海淀区,1
海湾,1
海源,1
海滨,1
海潮,1
海纳,1
海豚,1
海达,1
海运费,1
海里,1
海面,1
海顺,1
海马,1
浸润,1
浸渍,1
涂层,1
涂抹,1
消弭,1
消息来源,1
消缺,1
消耗掉,1
消耗量,1
消费性,1
消费群,1
消费行为,1
消金,1
消除隐患,1
涉农,1
涉气,1
涉猎,1
涉险,1
涨到,1
涨后,1
涨回,1
涨至,1
液压,1
液晶屏,1
液晶电视,1
淀粉,1
淘宝网,1
淘汰率,1
淡旺季,1
淡薄,1
淡静,1
淮南,1
淮安市,1
深业,1
深入人心,1
深入基层,1
深入开展,1
深入调查,1
深切,1
深圳市中级人民法院,1
深处,1
深层,1
深层次,1
深潜,1
深知,1
深跌,1
混沌,1
混淆视听,1
添利宝,1
清明节,1
清晰可见,1
清朗,1
清朝,1
清货,1
清远市,1
渐入佳境,1
渐增,1
渐弱,1
渔业,1
渔船,1
渗入,1
渗漏,1
渣油,1
渤海湾,1
温室,1
温控,1
温氏,1
港口机械,1
港湾,1
港量,1
渴求,1
游乐园,1
游乐场,1
游刃有余,1
游客量,1
游戏软件,1
游艺,1
游走,1
湖畔,1
湘潭,1
溃疡,1
源代码,1
溢出,1
溶解,1
滇池,1
滋味,1
滋生,1
滑动,1
滑坡,1
滑落,1
滑铁卢,1
滔天,1
滚存,1
滚滚,1
滞后效应,1
滞留,1
满天飞,1
满怀希望,1
满满的,1
满负荷,1
滤清器,1
滥发,1
滥用职权,1
滨河,1
滩涂,1
漂亮,1
漂泊,1
漂浮,1
漏油,1
演说,1
漫天,1
漫步,1
漫灌,1
漫画,1
漳州,1
潍坊,1
潍柴,1
潘功胜,1
潜入,1
潞安,1
澳洋,1
激战,1
濒临,1
灌溉工程,1
火星,1
火炬,1
火烧,1
火电,1
火腿,1
火花,1
灭活,1
灯泡,1
灵感,1
灵活运用,1
灵犀,1
灵芝,1
灵魂,1
灿烂,1
炒热,1
炒菜,1
炫富,1
点上,1
点为,1
点亮,1
点后,1
点将,1
点状,1
点睛,1
点钟,1
点间,1
点阵图,1
炼成,1
炼焦,1
炼铁厂,1
烈酒,1
烦心事,1
烧煤,1
烧脑,1
热交换器,1
热力,1
热效率,1
热水器,1
热火,1
热血沸腾,1
热衷,1
热门股,1
热门话题,1
烹饪,1
焊缝,1
焚烧,1
焚烧炉,1
焦作,1
焦急,1
焦虑症,1
焦距,1
煤业,1
煤化工,1
煤区,1
煤炭企业,1
煤炭工业,1
煤矿安全,1
照样,1
照相机,1
煮熟,1
熊本,1
熔融,1
熔铸,1
熟练,1
燎原之势,1
燕山,1
爆发力,1
爆品,1
爆增,1
爆米花,1
爬起来,1
爱上,1
爱奇艺,1
爱德华,1
爱琴海,1
爱鲜蜂,1
爵士,1
父辈,1
爸爸,1
片刻,1
片源,1
片面,1
片面追求,1
牌价,1
牛栏,1
牛熊,1
牛羊肉,1
牛鼻子,1
牟取,1
牢固,1
牢记,1
牧业,1
牧原,1
牧马人,1
物价局,1
物力,1
物料,1
物极必反,1
物流业,1
物色,1
牵一发而动全身,1
牵住,1
牵出,1
牵动,1
牵引,1
特例,1
特停,1
特刊,1
特别之处,1
特大,1
特定条件,1
特批,1
特效,1
特玛,1
特色产业,1
特色旅游,1
特邀,1
特长,1
特首,1
犯罪案件,1
状况良好,1
狂奔,1
狂揽,1
狂热,1
狂跌,1
狙击手,1
狠狠,1
独一无二,1
独善其身,1
独大,1
独揽,1
独立思考,1
独联体,1
独董,1
独资,1
狼性,1
献上,1
献出,1
献礼,1
獐子,1
率仅,1
率及,1
率达,1
率领,1
率高,1
率高达,1
玉溪市,1
王卫东,1
王受,1
王室,1
王府井,1
王建,1
王强,1
王晓峰,1
王晓波,1
王毅,1
王立,1
王维,1
王群航,1
王静,1
王鹤涛,1
玛特,1
玩儿,1
玩坏,1
玩意,1
玩游戏,1
玩起,1
环卫设备,1
环境保护局,1
环境卫生,1
环境变,1
环境宽松,1
环境工程,1
环境标准,1
环渤海地区,1
环绕,1
环路,1
现如今,1
现实意义,1
现成,1
现款,1
现正,1
现状及,1
现金余额,1
现金支付,1
现金管理,1
玻璃厂,1
珊瑚,1
珠宝首饰,1
珠海市,1
班加罗尔,1
班级,1
班组,1
班轮,1
珲春,1
球员,1
球阀,1
理会,1
理化,1
理工学院,1
理想化,1
理所当然,1
理政,1
理直气壮,1
理睬,1
琥珀,1
瑞东,1
瑞士联邦,1
瑞安,1
瑞普,1
瑞萨,1
瓦尔,1
瓦罗,1
瓶装,1
甚于,1
甚微,1
甜甜,1
生于,1
生产工具,1
生产工艺,1
生产流程,1
生产率,1
生产自救,1
生产链,1
生动,1
生勐,1
生命线,1
生存能力,1
生态园,1
生态型,1
生死考验,1
生活馆,1
生涯,1
生物科技,1
生科,1
生育率,1
生菜,1
生计,1
生长期,1
用具,1
用到,1
用户服务,1
用手,1
用材,1
用能,1
用过,1
用酒,1
用高,1
甩卖,1
甩手掌柜,1
甩掉,1
由内而外,1
由此来看,1
由负,1
由量,1
由金,1
由高到,1
甲醛,1
申请专利,1
申请材料,1
申请表,1
申请量,1
申领,1
电信业务,1
电冰箱,1
电力工业,1
电子化,1
电子商城,1
电子版,1
电子电器,1
电子盘,1
电子行业,1
电子邮件,1
电子零件,1
电工,1
电影院,1
电控,1
电池容量,1
电焊,1
电煤,1
电磁,1
电视机,1
电视电话,1
电视直播,1
电视网,1
电解铝,1
电讯报,1
电话号码,1
电饭锅,1
男女,1
男装,1
画出,1
画家,1
画画,1
画质,1
畅玩,1
畅通无阻,1
界线,1
留下来,1
留住,1
留学生,1
留心,1
留恋,1
留意到,1
留欧,1
略为,1
略低,1
略作,1
略受,1
略大,1
略带,1
疆棉,1
疏导,1
疏忽,1
疑似,1
疑虑,1
疗伤,1
疗毒,1
疗程,1
疯人,1
疲惫,1
疼痛,1
疾病防治,1
病急乱投医,1
病患,1
病死率,1
病毒性,1
病种,1
病程,1
症状,1
症结,1
痊愈,1
痛恨,1
瘦身,1
癌症,1
登台,1
登机口,1
登记处,1
登记注册,1
白手起家,1
白搭,1
白明,1
白电,1
白糖,1
白血病,1
百万吨,1
百丽,1
百亿元,1
百位,1
百倍,1
百兆,1
百分之百,1
百只,1
百台,1
百合花,1
百名,1
百套,1
百川,1
百户,1
百日,1
百润,1
百盛,1
百花,1
百花齐放,1
百草,1
百货公司,1
皇岗,1
皇帝,1
盈利性,1
盈科,1
益丰,1
益处,1
盐湖,1
监护人,1
监狱,1
监理,1
监督员,1
监督局,1
监视器,1
盖世,1
盖尔,1
盖德,1
盖房子,1
盖章,1
盖茨,1
盗刷,1
盗取,1
盗版,1
盘口,1
盛业,1
盛事,1
盛会,1
盛况,1
盛华,1
盛名,1
盛放,1
盛松成,1
盛极而衰,1
盛讯达,1
盛赞,1
盛达,1
目睹,1
盲点,1
盲目投资,1
直上,1
直卖,1
直发,1
直奔,1
直径,1
直投,1
直管,1
直营店,1
直购,1
直飞,1
相中,1
相互影响,1
相互配合,1
相冲突,1
相声,1
相处,1
相提并论,1
相撞,1
相爱,1
相符,1
相约,1
相距,1
相逢,1
省内外,1
省委党校,1
省属,1
省级重点,1
省道,1
省际,1
看不出,1
看不清,1
看不见,1
看不起,1
看个,1
看大,1
看官,1
看客,1
看家,1
看得,1
看得清,1
看成,1
看护,1
看清,1
看量,1
看齐,1
真如,1
真实世界,1
真实有效,1
真情,1
真格,1
真面目,1
眷顾,1
眼界,1
眼花缭乱,1
眼见为实,1
眼部,1
着力点,1
着实,1
着眼于,1
着陆,1
睡觉,1
督察组,1
督导组,1
督战,1
瞬时,1
知乎,1
知名人士,1
知悉,1
短差,1
短放长,1
短期化,1
短痛,1
短短几天,1
短纤维,1
短融,1
短视,1
石墨,1
石棉,1
石油制品,1
石油市场,1
石脑油,1
矿价,1
矿山企业,1
矿机,1
砂石,1
砍伐,1
研究成果,1
研讨,1
砖厂,1
砥砺,1
破冰,1
破土动工,1
破局,1
破灭,1
破除,1
硅橡胶,1
硝酸盐,1
硝酸铵,1
硫酸盐,1
硬任务,1
硬化症,1
硬度,1
硬指标,1
硬通货,1
确权,1
确认书,1
碧海,1
碰上,1
碳纤维,1
磁共振,1
磁场,1
磁材,1
磁铁,1
示好,1
示意图,1
示范作用,1
示范性,1
礼包,1
礼拜,1
礼金,1
社会保险费,1
社会保障部,1
社会公众,1
社会各界,1
社会科学院,1
社区卫生,1
社零,1
神仙,1
神华集团,1
神经科学,1
神行,1
神速,1
祥云,1
祥峰,1
祥龙,1
票数,1
祸不单行,1
禀赋,1
禁售,1
禁止性,1
禁锢,1
福州市,1
福布斯,1
福斯特,1
福清,1
福田区,1
福鑫,1
福音,1
禹洲,1
离世,1
离任,1
离异,1
禾丰,1
私下,1
私人企业,1
私信,1
私利,1
私聊,1
秋收,1
种地,1
科创型,1
科华恒盛,1
科委,1
科学依据,1
科学界,1
科学研究,1
科学管理,1
科学院,1
科尔,1
科技园区,1
科技攻关,1
科技类,1
科普,1
科研成果,1
科研课题,1
科远,1
科隆,1
租售,1
租期,1
秦皇岛,1
秩序井然,1
积分,1
积极关注,1
积极态度,1
称不上,1
称作,1
称其,1
称其为,1
称有,1
称该,1
称谓,1
称雄,1
称霸,1
移库,1
稀有金属,1
稀缺性,1
稀缺资源,1
稀释,1
稍低,1
稍差,1
稍慢,1
稍早,1
稍显,1
税基,1
税收制度,1
稳稳,1
稽查,1
穆罕默德,1
空中楼阁,1
空壳,1
空穴来风,1
空缺,1
空荡荡,1
空袭,1
空间科学,1
空驶,1
穿布,1
穿着,1
穿透,1
突击,1
突击检查,1
突显,1
突现,1
突袭,1
突触,1
突飞,1
窗口期,1
窗外,1
窗户,1
窘境,1
窟窿,1
立式,1
立志,1
立新,1
立方,1
立方英尺,1
立竿见影,1
立足于,1
立面,1
站位,1
站场,1
竞争机制,1
竞争者,1
竞价排名,1
竞技场,1
竞购,1
竞逐,1
竟然,1
童心,1
竭力,1
竭尽所能,1
端子,1
笑容,1
笑话,1
笔账,1
符合事实,1
符合国情,1
笨嘴,1
第一任,1
第一例,1
第一口,1
第一台,1
第一季,1
第一座,1
第一张,1
第一点,1
第一版,1
第一章,1
第一第二,1
第一艘,1
第一道,1
第一部,1
第一间,1
第一项,1
第七个,1
第三位,1
第三套,1
第三步,1
第三阶段,1
第九次,1
第二句,1
第二年,1
第二张,1
第二条,1
第二步,1
第二种,1
第二章,1
第五个,1
第五名,1
第五天,1
第五届,1
第五种,1
第八代,1
第六个,1
第六十七条,1
第六名,1
第六年,1
第六轮,1
第十个,1
第十九,1
第十九次,1
第十二,1
第十二届,1
第四名,1
第四天,1
第四期,1
第四阶段,1
等七大,1
等同,1
等奖项,1
等物,1
等离子,1
等车,1
答谢,1
筹备工作,1
签批,1
签章,1
简洁,1
简短,1
简约,1
简评,1
简述,1
简陋,1
算盘,1
管们,1
管养,1
管内,1
管层,1
管廊,1
管得,1
管理体制,1
管理司,1
管理员,1
管理机制,1
管道工程,1
箱板,1
箴言,1
篡改,1
篱笆,1
米业,1
米其林,1
米尔,1
米长,1
类人,1
类脑,1
粒子,1
粤海,1
粮库,1
粮油,1
粮草,1
粮食安全,1
精创,1
精加工,1
精化,1
精妙,1
精彩纷呈,1
精心设计,1
精明,1
精梳,1
精梳纱,1
精气神,1
精益求精,1
精矿,1
精确定位,1
精粹,1
精细化工,1
精耕细作,1
精进,1
精通,1
精雕细琢,1
糟粕,1
系公募,1
系及,1
系统优化,1
系统化,1
系统启动,1
系统安全,1
系统工程,1
索取,1
索引,1
索性,1
紧凑,1
紧密结合,1
紧急状况,1
紧盯,1
紧箍咒,1
紧紧抓住,1
紧贴,1
紧跟,1
紧邻,1
紧锁,1
紧闭,1
紧随,1
累升,1
累积到,1
累累硕果,1
累进,1
繁华,1
繁复,1
繁忙,1
繁荣景象,1
纠偏,1
纠缠,1
红人,1
红塔,1
红墙,1
红旗,1
红杉,1
红极一时,1
红枣,1
红蜻蜓,1
约期,1
级车,1
纪检组,1
纯净,1
纯化,1
纯属,1
纯电,1
纯线,1
纸上,1
纸上谈兵,1
纸媒,1
纸尿裤,1
纸牌,1
纺织业,1
纺织品,1
纽扣,1
纽约证券交易所,1
线后,1
线时,1
线自,1
线金叉,1
练内功,1
练就,1
组合拳,1
组成员,1
组织化,1
组织者,1
组网,1
细心,1
细数,1
细细,1
织物,1
终审判决,1
终将,1
终极,1
终究会,1
终端设备,1
终身,1
经不起,1
经办人,1
经商,1
经济危机,1
经济圈,1
经济型,1
经济基础,1
经济指标,1
经济模型,1
经济波动,1
经济繁荣,1
经济负担,1
经济过热,1
经济部长,1
经理助理,1
经由,1
经省,1
经营商,1
经营方式,1
经营机制,1
经营规模,1
经营部,1
经虎,1
经贸合作,1
经过培训,1
经验不足,1
绒毛,1
结出,1
结合部,1
结息,1
结晶,1
结构合理,1
结果表明,1
结缘,1
绕开,1
绕行,1
绘制,1
给与,1
给付,1
绚烂,1
络绎不绝,1
绝不会,1
绝地,1
绝处逢生,1
统筹兼顾,1
统统,1
统计表,1
统领,1
继承,1
继电器,1
继续加强,1
绩优,1
绩差股,1
续签,1
续集,1
续驶,1
维修服务,1
维护者,1
维格,1
维特,1
维萨,1
绵阳,1
综合排名,1
综合症,1
综合类,1
绿动,1
绿皮书,1
缓一缓,1
缓步,1
缓涨,1
缔约,1
编为,1
编写,1
编后语,1
编带,1
编纂,1
缘何,1
缘故,1
缜密,1
缠绕,1
缤纷,1
缺席,1
缺憾,1
缺油,1
缺点,1
缺货,1
网上银行,1
网以,1
网则,1
网剧,1
网吧,1
网在,1
网址,1
网是,1
网概,1
网状,1
网球,1
网络化,1
网络攻击,1
网络空间,1
网络覆盖,1
网络警察,1
网通,1
网银,1
罗兰贝,1
罗振宇,1
罗文,1
罗斯福,1
罗永浩,1
罗马尼亚,1
罚没款,1
置业者,1
置入,1
置评,1
署名文章,1
羊奶粉,1
羊肉,1
美中关系,1
美亚,1
美俄,1
美军,1
美女,1
美妆,1
美媒称,1
美方,1
美日,1
美林,1
美欣达,1
美欧,1
美等,1
美系,1
美联,1
美誉,1
美酒,1
群为,1
群众反映,1
翘尾,1
翘楚,1
翘首以盼,1
翻一番,1
翻天,1
翻版,1
翻盘,1
翻转,1
翻页,1
老一代,1
老乡,1
老公,1
老大,1
老大哥,1
老年,1
老店,1
老朋友,1
考查,1
考核制度,1
考核办法,1
考点,1
考究,1
考试,1
而今,1
而出,1
而恒大,1
而来,1
而涨,1
而科,1
而立之年,1
而终,1
而融,1
而论,1
耐克,1
耐得,1
耐热,1
耐用品,1
耐高温,1
耕种,1
耕耘,1
耗资近,1
耳机,1
耳目一新,1
耶夫,1
耶稣,1
职业化,1
职业生涯,1
职业病,1
职业道德,1
联众,1
联储局,1
联化,1
联华,1
联合国环境规划署,1
联合行动,1
联大,1
联社,1
联程,1
联系汇率,1
联结,1
联讯,1
联调,1
联赛,1
联邦政府,1
聚烯烃,1
聚酯,1
聚集地,1
聚餐,1
肉眼,1
肉食品,1
肉鸡,1
肝炎,1
肝病,1
股中,1
股以,1
股会,1
股共,1
股则,1
股前,1
股化,1
股友,1
股大涨,1
股如,1
股将会,1
股市行情,1
股汇,1
股沪深,1
股票买卖,1
股票指数,1
股约,1
股送,1
肢体,1
肤色,1
肩上,1
肺部,1
肾脏,1
背上,1
背景音乐,1
背靠,1
胜任,1
胜出,1
胜率,1
胜负,1
胡子,1
胡景晖,1
胡萝卜,1
胡说八道,1
胥帅,1
胶带,1
胶片,1
胶着,1
能不能够,1
能力差,1
能少,1
能带,1
能比,1
能活,1
能涨,1
能源供应,1
能源动力,1
能源安全,1
能源部,1
能源需求,1
能用,1
能级,1
脂肪,1
脑子,1
脑洞,1
脑筋,1
脚印,1
脱不开,1
脱硝,1
脱硫,1
脱胎,1
脱胎换骨,1
脱节,1
脱落,1
脱贫致富,1
脱轨,1
腊月,1
腐蚀性,1
腕带,1
腹膜,1
腾信,1
腾出,1
腾讯网,1
自信心,1
自创,1
自动控制,1
自家人,1
自持,1
自掏腰包,1
自救,1
自此,1
自满,1
自然语言,1
自由贸易区,1
自省,1
自给率,1
自觉,1
自豪,1
自豪感,1
自责,1
自选,1
自驾游,1
至上,1
至下,1
至尊,1
至强,1
至约,1
致信,1
致函,1
致富,1
致敬,1
舆情,1
舍不得,1
舍弗勒,1
舒心,1
舒服,1
舒畅,1
舒适度,1
舟山,1
航向,1
航天局,1
航油,1
航程,1
航空器,1
航空局,1
舱内,1
船上,1
船东,1
船体,1
船用,1
船长,1
良品,1
良品率,1
良好信誉,1
良好开端,1
良币,1
良机,1
良率,1
艰巨,1
艾硕,1
节俭,1
节拍,1
节日期间,1
节电,1
节约用水,1
节车厢,1
芝加哥商品交易所,1
芝麻,1
芬兰,1
花园式,1
花大,1
花得,1
花掉,1
花样,1
花落谁家,1
花香,1
苏利,1
苏奥,1
苏黎世,1
苗头,1
苛刻,1
若据本,1
若隐若现,1
苦心,1
苦战,1
苦练,1
英伦,1
英国女王,1
英尺,1
英德,1
英文,1
英文名称,1
英格兰,1
英特,1
英语,1
范例,1
茉莉,1
茫然,1
荀玉根,1
荆棘,1
草地,1
荒地,1
荣信,1
荣幸,1
荣景,1
荣枯,1
荣膺,1
荣誉,1
荧光粉,1
药企,1
药制剂,1
药厂,1
药方,1
药补,1
荷尔蒙,1
莆田,1
莫斯科,1
莱德,1
莱纳,1
莱茵,1
莲塘,1
获得成功,1
获有,1
获知,1
获选,1
菏泽,1
菜价,1
菜单,1
菜篮子,1
菲尔,1
萌生,1
萎靡,1
萤幕,1
营利,1
营销策划,1
萦绕在,1
萧山区,1
萨尔,1
萨德,1
落井下石,1
落到,1
落叶,1
落子,1
落实政策,1
落魄,1
著作权,1
葡萄酒,1
蒂姆,1
蒙上,1
蒙受,1
蒙牛,1
蒙眼,1
蒙阴,1
蒸汽,1
蒸汽机,1
蓄势待发,1
蓄积,1
蓝思,1
蓝牙,1
蓝皮书,1
蓝领,1
蓟县,1
蔚然成风,1
蕴含,1
薄利,1
薄利多销,1
薛峰,1
薛洪言,1
薪水,1
薪金,1
藉由,1
虚化,1
虚实,1
虚拟空间,1
虹吸,1
虹桥,1
虹膜,1
虽好,1
虾米,1
蚊虫,1
蚕食,1
蛇口工业区,1
蛋白质,1
蛮高,1
蜂拥而至,1
蝶变,1
融为一体,1
融侨,1
融信,1
融到,1
融金,1
螺旋,1
螺旋式,1
血压,1
血汗钱,1
血脉,1
行不通,1
行业动态,1
行业性,1
行业资讯,1
行为准则,1
行为规范,1
行之有效,1
行天下,1
行将,1
行得通,1
行情看涨,1
行政区,1
行政区划,1
行政区域,1
行星,1
行期,1
行李,1
行稳,1
行者,1
行至,1
行踪,1
行邮税,1
行销,1
行驶证,1
街景,1
街边,1
衣着,1
补栏,1
补水,1
补漏,1
补给,1
补缺,1
表征,1
表情,1
表扬,1
表现出色,1
表现力,1
表示感谢,1
衬底,1
衬衫,1
衰减,1
袖子,1
被判,1
被叫,1
被盗,1
被诉,1
裁决,1
裁掉,1
装卸,1
装货,1
装进,1
装配线,1
裕同,1
裨益,1
褒贬不一,1
褪去,1
西侧,1
西北部,1
西南地区,1
西南财经大学,1
西城,1
西奥,1
西段,1
西江,1
西沙,1
西溪,1
西点,1
西联,1
西起,1
西非,1
西餐,1
要不得,1
要分,1
要慢,1
要放,1
要死,1
要花,1
要花费,1
覆盖度,1
覆盖面积,1
见于,1
见图,1
见效,1
见涨,1
见识,1
见闻,1
观众们,1
观察员,1
观摩,1
观景,1
观测,1
观赏,1
规划区,1
规律性,1
规模性,1
规矩,1
规章,1
规范市场,1
视力,1
视听,1
视点,1
视界,1
视讯,1
觉悟,1
角膜,1
角色定位,1
角落里,1
解决不了,1
解决之道,1
解决目前,1
解剖,1
解惑,1
解放前,1
解放日报,1
解构,1
解药,1
解除合同,1
触动,1
触屏,1
触感,1
触手可及,1
触摸屏,1
触点,1
触目惊心,1
触碰,1
触网,1
触顶,1
言语,1
誓言,1
警力,1
警戒线,1
警报,1
警觉,1
警车,1
计算力,1
计算机系统,1
计算机行业,1
订票,1
认罚,1
认股权,1
认购价,1
讨厌,1
让步,1
议长,1
记分,1
记忆体,1
记账,1
讲好,1
讲解,1
讲讲,1
讳莫如深,1
许下,1
论处,1
论战,1
论据,1
论道,1
讽刺,1
设在,1
设法,1
证交所,1
证件,1
证伪,1
证券类,1
评判,1
评定,1
评析,1
评测,1
评述,1
诈骗罪,1
诉至,1
诉苦,1
试乘,1
试产,1
试吃,1
试用期,1
试营业,1
诚品,1
诚意,1
诚挚,1
话音,1
诡异,1
该不该,1
该卡,1
该市,1
该款,1
该法,1
详解,1
诧异,1
语出惊人,1
语境,1
语音输入,1
误判,1
误区,1
误差,1
误读,1
诱多,1
诱惑力,1
说不定,1
说不过去,1
说完,1
说得好,1
说点,1
请教,1
诸如此类,1
读取,1
读完,1
读数,1
读物,1
读秒,1
课后,1
谁家,1
调出,1
调制,1
调制解调器,1
调剂,1
调升,1
调后,1
调味品,1
调回,1
调整结构,1
调查核实,1
调校,1
调降,1
调高,1
谅解,1
谈一谈,1
谈判代表,1
谈崩,1
谈恋爱,1
谈成,1
谈起,1
谋取,1
谎言,1
谢幕,1
谦卑,1
谱系,1
谷底,1
豆瓣,1
豪华车,1
豪华轿车,1
豪掷,1
豪言,1
豪言壮语,1
豪车,1
贝拉,1
负利,1
负有,1
贡献奖,1
贡献者,1
贡酒,1
财务主管,1
财务人员,1
财务会计,1
财大气粗,1
财宝,1
财富网,1
财政厅,1
财政年度,1
财政开支,1
财政性,1
财政投入,1
财新网,1
财阀,1
责任书,1
责任制,1
责任险,1
责编,1
败也萧何,1
败诉,1
账单,1
账目,1
货价,1
货品,1
货商,1
货基,1
货币贬值,1
货架,1
货源充足,1
货物运输,1
货运公司,1
货运车,1
货运量,1
质变,1
质检中心,1
质素,1
质量技术监督局,1
质量指标,1
质量检验,1
质问,1
贩售,1
贪腐,1
贫困人口,1
贫穷,1
贬低,1
贬损,1
购买方,1
购物广场,1
购率,1
购电,1
购车者,1
贮存,1
贴着,1
贵人,1
贷款额,1
贸易往来,1
贸易谈判,1
贸易赤字,1
贸易部长,1
费劲,1
费城,1
费心,1
费解,1
费钱,1
贺岁,1
贾跃亭,1
资方,1
资本主义,1
资本外逃,1
资本货物,1
资源共享,1
资源化,1
资源型,1
资源性,1
资源管理,1
资质审查,1
资金分配,1
资金周转,1
资金量,1
赘述,1
赚了钱,1
赚大钱,1
赛格,1
赛车,1
赛门铁克,1
赞助商,1
赞成,1
赠品,1
赢时,1
赢输,1
赣江,1
赤天化,1
赤道,1
走下坡路,1
走坏,1
走得,1
走来,1
走近,1
走遍,1
走量,1
赶不上,1
赶工期,1
赶着,1
起价,1
起伏,1
起伏不定,1
起动,1
起步晚,1
起源于,1
起诉书,1
起诉状,1
起购,1
起跑,1
起量,1
起飞前,1
趁火打劫,1
超一流,1
超低价,1
超大型,1
超宽,1
超常,1
超强,1
超期服役,1
超级计算机,1
超群,1
超范围,1
超薄,1
超跌股,1
超载,1
超配,1
超高层,1
越冬,1
越加,1
越声,1
越套,1
越少,1
越来越低,1
越来越快,1
越深,1
趋于平稳,1
趋好,1
足不出户,1
足协,1
跃上,1
跃然,1
跃进,1
跌下来,1
跌倒,1
跌出,1
跌到,1
跌去,1
跌回,1
跌得,1
跌跌撞撞,1
跑动,1
跑步,1
跑马,1
距今已有,1
跟随者,1
跨海大桥,1
跨行业,1
跨过,1
路劲,1
路口,1
路子,1
路段,1
路漫漫其修远兮,1
路由,1
路程,1
路虎,1
跳槽,1
踊跃,1
踌躇满志,1
踏上,1
踏板,1
踏踏实实,1
踩准,1
踪影,1
踪迹,1
蹿升,1
身份证明,1
身份验证,1
身体力行,1
身体状况,1
身心,1
身患,1
身手,1
身高,1
躲过,1
车价,1
车企在,1
车均,1
车展,1
车流量,1
车管所,1
车船税,1
车辆管理,1
车长,1
车门,1
轧制,1
轧材,1
轧线,1
轨交,1
轩逸,1
转乘,1
转势,1
转包,1
转化成,1
转卖,1
转口,1
转型期,1
转嫁给,1
转岗,1
转差,1
转弱,1
转强,1
转战,1
转手,1
转折年,1
转换成,1
转暖,1
转来,1
转板,1
转标,1
转炉,1
转空,1
转行,1
转阳,1
轮到,1
轮及,1
轮播,1
轮次,1
轮毂,1
轮流,1
软件业,1
软件开发,1
软件系统,1
软体,1
软硬兼施,1
软脱,1
轴心,1
轴承,1
轻巧,1
轻快,1
轻松愉快,1
轻而易举,1
轻舟,1
载波,1
载荷,1
载运,1
载量,1
轿车市场,1
较佳,1
较淡,1
较远,1
较难,1
辅以,1
辅料,1
辉山,1
辉瑞,1
辐射力,1
辑要,1
输出功率,1
输华,1
输给,1
输赢,1
输配,1
辛集,1
辞退,1
辣妈,1
辨识,1
辩论,1
辩证,1
辰安,1
边界问题,1
达到目标,1
达威,1
达孚,1
达尔,1
达德利,1
达意,1
达标排放,1
达标率,1
达科,1
迁回,1
迁往,1
迄今已,1
过关,1
过失,1
过敏,1
过期,1
过桥,1
过流,1
过犹不及,1
过百,1
迈上,1
迈开,1
迈过,1
迈阿密,1
迎娶,1
迎接挑战,1
迎新,1
迎着,1
迎风,1
运营官,1
运营者,1
运营部,1
运输局,1
运输工具,1
运输网络,1
运输量,1
运销,1
近一半,1
近三成,1
近似,1
近半年,1
近百名,1
近红外,1
近距离,1
近郊,1
返现,1
返航,1
还太早,1
还息,1
还清,1
还给,1
还行,1
这仅,1
这台,1
这同,1
这周,1
这支,1
这条,1
这枚,1
这桩,1
这盘,1
这群,1
这趟,1
这轮,1
这部,1
进不了,1
进不来,1
进二退,1
进击,1
进到,1
进区,1
进取,1
进取心,1
进口国,1
进口成本,1
进口车,1
进境,1
进多单,1
进度缓慢,1
进攻性,1
进村,1
进行谈判,1
远去,1
远处,1
远成,1
远方,1
远比,1
远端,1
远胜,1
远距离,1
远远不够,1
远远地,1
违停,1
违法活动,1
违约责任,1
违纪,1
连任,1
连夜,1
连年,1
连盘,1
连通,1
连锁反应,1
连锁店,1
迟早,1
迟来,1
迥异,1
迫在眉睫,1
迷惑,1
迷惘,1
迸发出,1
追兵,1
追平,1
追本溯源,1
追涨,1
追涨杀跌,1
追着,1
追究责任,1
追缴,1
追访,1
追赶,1
追问,1
退一步说,1
退保,1
退去,1
退回,1
退坡,1
退役,1
退款,1
退还,1
送上,1
送给,1
送股,1
适中,1
适可而止,1
适应期,1
适应症,1
适用法律,1
适量,1
逃出,1
逃生,1
逃离,1
逃脱,1
逃顶,1
逆向,1
逆境,1
逆水行舟,1
逆风,1
选准,1
选出,1
选定,1
选拔,1
选择权,1
选票,1
选车,1
选错,1
逊于,1
透明化,1
逐步回归,1
逐项,1
途牛,1
途经,1
通则,1
通化,1
通富,1
通州区,1
通往,1
通报会,1
通明,1
通气,1
通江,1
通用化,1
通用机械,1
通用设备,1
通畅,1
通盘,1
通自,1
通行证,1
通讯设备,1
通货膨胀率,1
通辽市,1
速卖,1
速度慢,1
造林,1
造纸厂,1
造船业,1
逮捕,1
逼人,1
逼格,1
遇到困难,1
遐想,1
道具,1
道奇,1
道富,1
道路交通,1
遗传,1
遥控,1
遥遥无期,1
遨游,1
遵守规则,1
避免出现,1
避税,1
避而不谈,1
避雷,1
邢台,1
那场,1
那年,1
那条,1
那次,1
那点,1
邮报,1
邮政局,1
邵阳,1
邻居,1
郎咸平,1
郎酒,1
郑先生,1
郑棉,1
部品,1
部将,1
部等,1
部级,1
部际,1
郭伟莹,1
郭明池,1
郭田勇,1
郴电,1
鄂尔多斯,1
配对,1
配建,1
配得,1
配给,1
配货,1
配饰,1
酒瓶,1
酒精性,1
酮类,1
酸甜苦辣,1
采挖,1
采油,1
采矿业,1
采纳,1
采编,1
采购商,1
采购部,1
释放出来,1
里加,1
里士满,1
重于泰山,1
重伤,1
重估,1
重化工业,1
重压,1
重在,1
重地,1
重大进展,1
重庆地区,1
重建,1
重担,1
重新考虑,1
重新部署,1
重汽,1
重演,1
重燃,1
重现,1
重用,1
重组股,1
重装,1
重质,1
重阳,1
野生,1
量减少,1
量变,1
量级,1
金交所,1
金信,1
金刚,1
金创,1
金友,1
金城,1
金宝,1
金将,1
金属外壳,1
金平,1
金德,1
金条,1
金杯,1
金河,1
金海,1
金瑞,1
金管局,1
金能,1
金花,1
金蝶,1
金融体制,1
金融城,1
金融学,1
金融工具,1
金融时报,1
金融类,1
金融风暴,1
金街,1
金财,1
金轮,1
金隅,1
金雷,1
金鹰,1
鑫科,1
鑫苑,1
针锋相对,1
钓鱼岛,1
钟情,1
钟爱,1
钟鼎,1
钠盐,1
钢协,1
钢构,1
钢铁价格,1
钢铁公司,1
钢铁贸易,1
钥匙,1
钱塘江,1
铁三角,1
铁人三项,1
铁打,1
铁矿砂,1
铁西,1
铁道,1
铅锌,1
铜期货,1
铜材,1
铝业,1
铝制,1
铝型材,1
铝板,1
银信,1
银子,1
银客,1
银星,1
银泰城,1
银股,1
银行业务,1
银行家,1
银行行长,1
银鸽投资,1
铸件,1
铸就,1
铸管,1
铸造,1
铸锭,1
铺垫,1
铺平道路,1
铺底,1
铺设,1
链上,1
链家网,1
链断裂,1
链路,1
销冠,1
销区,1
销售一空,1
销售主管,1
销售商,1
销售总额,1
销售策略,1
销声匿迹,1
销往,1
锁死,1
锂电,1
锆业,1
错位,1
错失良机,1
错峰,1
锦囊,1
锦江,1
键盘,1
镀锌板,1
镇南,1
镜片,1
镜面,1
长于,1
长发,1
长城汽车,1
长处,1
长大,1
长宁,1
长安汽车,1
长寿,1
长征,1
长期存在,1
长株,1
长江口,1
长江流域,1
长海,1
长痛,1
长端,1
长虹,1
长足,1
长足进步,1
长距离,1
长轴距,1
长长的,1
门前,1
门外汉,1
门头沟区,1
门户网站,1
门票,1
门禁,1
门锁,1
闪亮,1
闪失,1
闭市,1
闭着,1
问号,1
问答,1
问鼎,1
闯进,1
闲钱,1
间断,1
间隙,1
闷声,1
闷头,1
闷局,1
闹剧,1
闻名,1
阁下,1
阐释,1
阔步,1
阜宁,1
队友,1
防不胜防,1
防伪,1
防务,1
防备,1
防御性,1
防治法,1
防空,1
防锈,1
阳光城,1
阳性,1
阳煤,1
阴阳,1
阴霾,1
阵痛,1
阻击,1
阻尼,1
阻拦,1
阻挠,1
阿富汗,1
阿尔伯,1
阿尔茨海默,1
阿拉伯,1
阿拉斯加州,1
阿芙,1
阿迪,1
陀螺仪,1
附有,1
陆家嘴,1
陇南,1
陈俊,1
陈文辉,1
陈曦,1
陈果,1
陈琪,1
陋习,1
降为,1
降本增效,1
降薪,1
降速,1
降降温,1
降雨,1
限期,1
限流,1
限量,1
限量供应,1
陕钢,1
院所,1
除冰,1
除却,1
除夕夜,1
除尘,1
除草,1
险峰,1
陪练,1
陷于,1
隆众,1
随买,1
随处可见,1
随机性,1
随购,1
随销,1
隐匿,1
隐晦,1
隐秘,1
隐约,1
隐藏式,1
隔壁,1
隔绝,1
隔音,1
障碍物,1
隶属于,1
难以实现,1
难以想象,1
难以获得,1
难以逾越,1
难以预料,1
难分伯仲,1
难处,1
难度很大,1
难怪,1
难掩,1
难改,1
难料,1
难看,1
雄关,1
雄帝,1
雄心,1
雄鹰,1
雅加达,1
雅洁,1
集中力量,1
集中区,1
集中地,1
集中性,1
集中精力,1
集体土地,1
集体性,1
集体所有制,1
集市,1
集成电路,1
集散地,1
集约化,1
集装,1
集装箱船,1
雏形,1
雨后春笋,1
雨雪,1
雪亮,1
雪花,1
零到,1
零售价格,1
零售量,1
零星,1
零组件,1
零食,1
雷亚尔,1
雷恩,1
雷雨,1
雾里看花,1
需承担,1
需提交,1
霍尔丹,1
霍金,1
霜叶,1
霞客,1
露出,1
霸权,1
青云,1
青州,1
青稞酒,1
青羊区,1
静待,1
静稳,1
静脉,1
静谧,1
静静,1
非上市,1
非同寻常,1
非商业,1
非市场,1
非常少,1
非常重视,1
非洲地区,1
非现金,1
非美,1
非营利性,1
非银行,1
靠着,1
面包,1
面子,1
面膜,1
面试,1
面谈,1
面貌,1
面面观,1
靶向,1
鞋子,1
韩三国,1
韩俊,1
韩国公司,1
韩国政府,1
韩城,1
韩式,1
韩文,1
韩泰,1
音译,1
韵味,1
顶住,1
顶楼,1
顶端,1
项目前期,1
项目区,1
项目数,1
项目组,1
项目部,1
顺义区,1
顺兴,1
顺利实现,1
顺利开展,1
顺利进行,1
顺带,1
顺序,1
顺延,1
顺昌,1
顺水推舟,1
顺理成章,1
顺鑫,1
须于,1
须知,1
顽强,1
顽疾,1
顾名思义,1
顾问公司,1
预付卡,1
预付款,1
预兆,1
预研,1
预算赤字,1
预见性,1
预览版,1
预言家,1
预防措施,1
领先者,1
领军人物,1
领土,1
领带,1
领投方,1
领航者,1
领跑者,1
颇丰,1
颈部,1
颐养,1
频传,1
频吹,1
频段,1
频谱,1
颗粒无收,1
题图,1
题外话,1
题目,1
颜值,1
风云变幻,1
风云榜,1
风俗习惯,1
风情,1
风景区,1
风景线,1
风气,1
风波不断,1
风电场,1
风行,1
风速,1
风采,1
风险性,1
飘扬,1
飞快,1
飞抵,1
飞来,1
飞涨,1
飞灰,1
飞翔,1
食品包装,1
食品行业,1
食品饮料,1
食堂,1
食材,1
食物,1
食言,1
饭店,1
饭碗,1
饭馆,1
饮用水,1
饮酒,1
饲料原料,1
饿死,1
馏分油,1
首份,1
首场,1
首屈一指,1
首年,1
首府,1
首度,1
首当其冲,1
首战,1
首旅,1
首映,1
首现,1
首脑,1
首见,1
首趟,1
首辆,1
首进,1
首都国际机场,1
首飞,1
香橼,1
香河,1
香洲区,1
香港机场,1
香港特别行政区,1
香皂,1
香精,1
香肠,1
香菇,1
马克,1
马后炮,1
马太效应,1
马拉,1
马斯克,1
马术,1
马杜罗,1
马桶,1
马良,1
马路上,1
马里,1
马鞍山,1
马鲜生,1
驱车,1
驳回,1
驶出,1
驻华,1
驻华使馆,1
驻厂,1
驻足,1
驾到,1
驾驭,1
驾驶室,1
驾驶舱,1
驾驶证,1
驾龄,1
驿站,1
骂声,1
骆驼,1
骑着,1
骑车,1
骗贷,1
骚乱,1
骚扰,1
骤升,1
骨子里,1
骨干力量,1
高举,1
高价位,1
高低压,1
高光,1
高分子,1
高分辨率,1
高到,1
高卖,1
高压电,1
高后,1
高回报,1
高地,1
高处,1
高官,1
高客,1
高密,1
高层建筑,1
高层次,1
高居榜首,1
高度评价,1
高效率,1
高明,1
高智商,1
高污染,1
高科,1
高端化,1
高等学校,1
高等法院,1
高等职业,1
高精尖,1
高级别,1
高薪,1
高质,1
高速公路网,1
高阳,1
高雅,1
魄力,1
魏理仕,1
魔方,1
魔盒,1
魔鬼,1
鱼塘,1
鱼肉,1
鲁莽,1
鲁西,1
鲜为人知,1
鲜品,1
鲜生,1
鲜艳,1
鲶鱼,1
鸡场,1
鸡年,1
鸡毛,1
鸡肋,1
鸡苗,1
鸡鸭,1
鸿路,1
鹏华,1
鹏欣,1
鹏程,1
鹏飞,1
鹭燕,1
鹿死谁手,1
麦康奈尔,1
麦格纳,1
麦趣,1
麻省理工,1
麻省理工学院,1
黄了,1
黄伟,1
黄埔,1
黄河流域,1
黄浦区,1
黄车,1
黄金分割,1
黄金档,1
黄骅,1
黄骅港,1
黑匣子,1
黑河,1
黑莓,1
默默,1
黯然,1
鼎泰,1
鼓掌,1
鼻祖,1
齐发,1
齐星,1
齐聚一堂,1
齐跌,1
齐飞,1
齐鲁石化,1
齐齐哈尔,1
龙光,1
龙力,1
龙头老大,1
龙宇,1
龙岗,1
龙虎,1
龙韵,1
